name,calories,protein,carbs,fat,ingredients,recipe,
Bhuna Gosht,650,49,65,49,"200g mutton, cut into pieces; 2 onions, thinly sliced; 2 tomatoes, chopped; 4 green chilies, chopped; 1/4 cup yogurt; 1/4 cup ghee; 2 teaspoons ginger garlic paste; 1 teaspoon red chili powder; 1 teaspoon coriander powder; 1/2 teaspoon turmeric powder; 1 teaspoon garam masala; Salt, to taste; Fresh coriander leaves, chopped	For bhuna gosht: Heat ghee in a pan and add thinly sliced onions. sauteuntil golden brown. Add ginger garlic paste and cook until fragrant. Add chopped tomatoes and green chilies. Cook until tomatoes are soft. Add mutton pieces and cook until they are sealed. Add red chili powder, coriander powder, turmeric powder, garam masala, and salt. Cook until the mutton is tender and the gravy thickens. Garnish with chopped coriander leaves. Serve hot with naan or rice.",,
White Chicken Korma,350,35,10,20,"90g chicken breast, diced; 3 tablespoons Shan White Korma Masala; 1 cup yogurt; 1/4 cup almond paste; 1/4 cup cream; 2 tablespoons ghee; 1 large onion, thinly sliced; 2 teaspoons ginger paste; 2 teaspoons garlic paste; 1/2 teaspoon white pepper powder; Salt, to taste; Chopped coriander leaves for garnishing",,
Chicken Karahi,600,45,60,45,100g chicken cut into pieces; 2 onions thinly sliced; 2 tomatoes chopped; 2 green chilies chopped; 1/4 cup yogurt; 1/4 cup cooking oil; 2 teaspoons ginger garlic paste; 1 teaspoon red chili powder; 1 teaspoon coriander powder; 1/2 teaspoon turmeric powder; 1 teaspoon garam masala; Salt to taste; Fresh coriander leaves chopped,"For chicken karahi: Heat oil in a pan and add thinly sliced onions. sauteuntil golden brown. Add ginger garlic paste and cook until fragrant. Add chopped tomatoes and green chilies. Cook until tomatoes are soft. Add chicken pieces and cook until they are no longer pink. Add red chili powder, coriander powder, turmeric powder, garam masala, and salt. Cook until the chicken is tender and the gravy thickens. Garnish with chopped coriander leaves. Serve hot with naan or rice.""",
Chicken Biryani,700,53,70,53,"1/2 cups basmati rice; 500g chicken, cut into pieces; 2 onions, thinly sliced; 1 cup yogurt; 1/4 cup cooking oil; 1/4 cup ghee; 2 tomatoes, chopped; 2 potatoes, peeled and quartered; 2 teaspoons ginger garlic paste; 1/2 teaspoon turmeric powder; 1 teaspoon red chili powder; 1 teaspoon coriander powder; 1 teaspoon garam masala powder; 1/2 cup chopped mint leaves; 1/2 cup chopped coriander leaves; Salt, to taste","For chicken biryani: Wash and soak basmati rice in water for 30 minutes. Drain and set aside. In a large pan, heat oil and ghee. Add sliced onions and fry until golden brown. Remove half of the fried onions and set aside for garnish. Add ginger garlic paste to the remaining onions in the pan and sauteuntil fragrant. Add chicken pieces and cook until they are no longer pink. Add chopped tomatoes, yogurt, turmeric powder, red chili powder, coriander powder, garam masala powder, mint leaves, coriander leaves, and salt. Cook until the oil separates. In a separate pot, boil water and add salt. Cook the soaked rice until it's 70% done. Drain the rice and set aside. Layer the cooked chicken masala and partially cooked rice in a large pot. Top with the reserved fried onions. Cover the pot with a tight lid and cook on low heat for 20-25 minutes until the rice is fully cooked and aromatic. Serve hot with raita or salad.",
Lamb Korma,750,56,75,56,"200g lamb, cut into pieces; 2 onions, thinly sliced; 2 tomatoes, chopped; 4 green chilies, chopped; 1/4 cup yogurt; 1/4 cup ghee; 2 teaspoons ginger garlic paste; 1 teaspoon red chili powder; 1 teaspoon coriander powder; 1/2 teaspoon turmeric powder; 1 teaspoon garam masala; Salt, to taste; Fresh coriander leaves, chopped","For lamb korma: Heat ghee in a pan and add thinly sliced onions. sauteuntil golden brown. Add ginger garlic paste and cook until fragrant. Add chopped tomatoes and green chilies. Cook until tomatoes are soft. Add lamb pieces and cook until they are sealed. Add red chili powder, coriander powder, turmeric powder, garam masala, and salt. Cook until the lamb is tender and the gravy thickens. Add yogurt and simmer for a few more minutes. Garnish with chopped coriander leaves. Serve hot with naan or rice.",
Aloo Palak,450,34,45,34,"2 potatoes, boiled and cubed; 2 bunches spinach, washed and chopped; 2 onions, finely chopped; 2 tomatoes, finely chopped; 2 green chilies, chopped; 1/4 cup yogurt; 1/4 cup cooking oil; 2 teaspoons ginger garlic paste; 1 teaspoon cumin seeds; 1 teaspoon coriander powder; 1/2 teaspoon turmeric powder; 1 teaspoon garam masala; Salt, to taste","For aloo palak: Heat oil in a pan and add cumin seeds. When they start spluttering, add chopped onions and green chilies. sauteuntil onions turn translucent. Add ginger garlic paste and cook until fragrant. Add chopped tomatoes and cook until they turn soft. Add chopped spinach and cook until wilted. Let the mixture cool down, then blend into a smooth paste. Transfer the paste back to the pan and add boiled and cubed potatoes, yogurt, coriander powder, turmeric powder, garam masala, and salt. Cook for a few minutes. Serve hot with naan or rice.",
Chicken Saag,600,45,60,45,"200g chicken, cut into pieces; 2 bunches spinach, washed and chopped; 2 onions, finely chopped; 2 tomatoes, finely chopped; 2 green chilies, chopped; 1/4 cup yogurt; 1/4 cup cooking oil; 2 teaspoons ginger garlic paste; 1 teaspoon cumin seeds; 1 teaspoon coriander powder; 1/2 teaspoon turmeric powder; 1 teaspoon garam masala; Salt, to taste; Fresh coriander leaves, chopped","For chicken saag: Heat oil in a pan and add cumin seeds. When they start spluttering, add chopped onions and green chilies. sauteuntil onions turn translucent. Add ginger garlic paste and cook until fragrant. Add chopped tomatoes and cook until they turn soft. Add chicken pieces and cook until they are no longer pink. Add chopped spinach and cook until wilted. Let the mixture cool down, then blend into a smooth paste. Transfer the paste back to the pan and add yogurt, coriander powder, turmeric powder, garam masala, and salt. Cook for a few minutes. Garnish with chopped coriander leaves. Serve hot with naan or rice.",
Shrimp Biryani,750,56,75,56,"1/2 cups basmati rice; 500g shrimp, peeled and deveined; 2 onions, thinly sliced; 1 cup yogurt; 1/4 cup cooking oil; 1/4 cup ghee; 2 tomatoes, chopped; 2 potatoes, peeled and quartered; 2 teaspoons ginger garlic paste; 1/2 teaspoon turmeric powder; 1 teaspoon red chili powder; 1 teaspoon coriander powder; 1 teaspoon garam masala powder; 1/2 cup chopped mint leaves; 1/2 cup chopped coriander leaves; Salt, to taste","For shrimp biryani: Wash and soak basmati rice in water for 30 minutes. Drain and set aside. In a large pan, heat oil and ghee. Add sliced onions and fry until golden brown. Remove half of the fried onions and set aside for garnish. Add ginger garlic paste to the remaining onions in the pan and sauteuntil fragrant. Add shrimp and cook until they turn pink. Add chopped tomatoes, yogurt, turmeric powder, red chili powder, coriander powder, garam masala powder, mint leaves, coriander leaves, and salt. Cook until the oil separates. In a separate pot, boil water and add salt. Cook the soaked rice until it's 70% done. Drain the rice and set aside. Layer the cooked shrimp masala and partially cooked rice in a large pot. Top with the reserved fried onions. Cover the pot with a tight lid and cook on low heat for 20-25 minutes until the rice is fully cooked and aromatic. Serve hot with raita or salad.",
Mutton Kofta Curry,700,53,70,53,"200g ground mutton; 2 onions, finely chopped; 2 tomatoes, finely chopped; 2 green chilies, chopped; 1/4 cup yogurt; 1/4 cup cooking oil; 2 teaspoons ginger garlic paste; 1 teaspoon red chili powder; 1 teaspoon coriander powder; 1/2 teaspoon turmeric powder; 1 teaspoon garam masala; Salt, to taste; Fresh coriander leaves, chopped","For mutton kofta curry: In a mixing bowl, combine ground mutton with chopped onions, green chilies, ginger garlic paste, red chili powder, coriander powder, turmeric powder, garam masala, and salt. Mix well and shape the mixture into small balls (koftas). Heat oil in a pan and fry the koftas until they are golden brown. Remove from the pan and keep aside. In the same pan, add chopped onions and sauteuntil golden brown. Add ginger garlic paste and cook until fragrant. Add chopped tomatoes and cook until they turn soft. Add yogurt, red chili powder, coriander powder, turmeric powder, garam masala, and salt. Cook until the oil separates. Add fried koftas to the gravy and simmer for a few minutes. Garnish with chopped coriander leaves. Serve hot with naan or rice.",
Egg Curry,600,45,60,45,"3 eggs; 2 onions, thinly sliced; 2 tomatoes, chopped; 2 green chilies, chopped; 1/4 cup yogurt; 1/4 cup cooking oil; 2 teaspoons ginger garlic paste; 1 teaspoon red chili powder; 1 teaspoon coriander powder; 1/2 teaspoon turmeric powder; 1 teaspoon garam masala; Salt, to taste; Fresh coriander leaves, chopped","For egg curry: Hard boil eggs, peel, and keep aside. Heat oil in a pan and add thinly sliced onions. sauteuntil golden brown. Add ginger garlic paste and cook until fragrant. Add chopped tomatoes and green chilies. Cook until tomatoes are soft. Add yogurt, red chili powder, coriander powder, turmeric powder, garam masala, and salt. Cook until the oil separates. Add boiled eggs to the gravy and simmer for a few minutes. Garnish with chopped coriander leaves. Serve hot with naan or rice.",
Chicken Handi,650,49,65,49,"200g chicken, cut into pieces; 2 onions, thinly sliced; 2 tomatoes, chopped; 2 green chilies, chopped; 1/4 cup yogurt; 1/4 cup cooking oil; 2 teaspoons ginger garlic paste; 1 teaspoon red chili powder; 1 teaspoon coriander powder; 1/2 teaspoon turmeric powder; 1 teaspoon garam masala; Salt, to taste; Fresh coriander leaves, chopped","For chicken handi: Heat oil in a pan and add thinly sliced onions. sauteuntil golden brown. Add ginger garlic paste and cook until fragrant. Add chopped tomatoes and green chilies. Cook until tomatoes are soft. Add chicken pieces and cook until they are no longer pink. Add yogurt, red chili powder, coriander powder, turmeric powder, garam masala, and salt. Cook until the chicken is tender and the gravy thickens. Garnish with chopped coriander leaves. Serve hot with naan or rice.",
Daal Makhani,550,41,55,41,"1/2 cup black lentils (whole urad dal); 1/4 cup red kidney beans (rajma); 2 onions, finely chopped; 2 tomatoes, finely chopped; 2 green chilies, chopped; 2 teaspoons ginger garlic paste; 1/4 cup cream; 1/4 cup butter; 1 teaspoon cumin seeds; 1 teaspoon red chili powder; 1 teaspoon coriander powder; 1/2 teaspoon turmeric powder; Salt, to taste; Fresh coriander leaves, chopped","For daal makhani: Wash and soak black lentils and red kidney beans in water overnight. Pressure cook until soft and mushy. In a separate pan, heat butter and add cumin seeds. When they start spluttering, add chopped onions and green chilies. sauteuntil onions turn translucent. Add ginger garlic paste and cook until fragrant. Add chopped tomatoes and cook until they turn soft. Add cooked lentils and beans to the pan. Add red chili powder, coriander powder, turmeric powder, and salt. Cook until the flavors are well combined. Add cream and simmer for a few more minutes. Garnish with chopped coriander leaves. Serve hot with naan or rice.",
Chicken Jalfrezi,700,53,70,53,"500g chicken, cut into pieces; 2 onions, thinly sliced; 2 tomatoes, chopped; 2 bell peppers, sliced; 2 green chilies, chopped; 1/4 cup yogurt; 1/4 cup cooking oil; 2 teaspoons ginger garlic paste; 1 teaspoon red chili powder; 1 teaspoon coriander powder; 1/2 teaspoon turmeric powder; 1 teaspoon garam masala; Salt, to taste; Fresh coriander leaves, chopped","For chicken jalfrezi: Heat oil in a pan and add thinly sliced onions. sauteuntil golden brown. Add ginger garlic paste and cook until fragrant. Add chopped tomatoes, bell peppers, and green chilies. Cook until vegetables are slightly tender. Add chicken pieces and cook until they are no longer pink. Add yogurt, red chili powder, coriander powder, turmeric powder, garam masala, and salt. Cook until the chicken is tender and the gravy thickens. Garnish with chopped coriander leaves. Serve hot with naan or rice.",
Vegetable Pulao,600,45,60,45,"2 cups basmati rice; Assorted vegetables (carrots, peas, beans, cauliflower), chopped; 2 onions, thinly sliced; 2 tomatoes, chopped; 2 green chilies, chopped; 1/4 cup yogurt; 1/4 cup cooking oil; 2 teaspoons ginger garlic paste; 1 teaspoon cumin seeds; 1 teaspoon coriander powder; 1/2 teaspoon turmeric powder; Salt, to taste; Fresh coriander leaves, chopped","For vegetable pulao: Wash and soak basmati rice in water for 30 minutes. Drain and set aside. In a large pan, heat oil and add cumin seeds. When they start spluttering, add thinly sliced onions and green chilies. sauteuntil onions turn translucent. Add ginger garlic paste and cook until fragrant. Add chopped tomatoes and cook until they turn soft. Add assorted vegetables and cook for a few minutes. Add yogurt, coriander powder, turmeric powder, and salt. Cook until the vegetables are slightly tender. Add soaked rice and water (ratio 1:2) to the pan. Cover and cook until the rice is fully cooked and fluffy. Garnish with chopped coriander leaves. Serve hot with raita.",
Beef Nihari,800,60,80,60,"150g beef shank, cut into pieces; 2 onions, thinly sliced; 2 tomatoes, chopped; 2 green chilies, chopped; 1/4 cup yogurt; 1/4 cup ghee; 2 teaspoons ginger garlic paste; 1 teaspoon red chili powder; 1 teaspoon coriander powder; 1/2 teaspoon turmeric powder; 1 teaspoon garam masala; Salt, to taste; Fresh coriander leaves, chopped","For beef nihari: Heat ghee in a pressure cooker and add thinly sliced onions. sauteuntil golden brown. Add ginger garlic paste and cook until fragrant. Add chopped tomatoes and green chilies. Cook until tomatoes are soft. Add beef shank pieces and cook until they are browned. Add red chili powder, coriander powder, turmeric powder, garam masala, and salt. Cook for a few minutes. Add water and pressure cook until the beef is tender. Garnish with chopped coriander leaves. Serve hot with naan or rice.",
Fish Curry,600,45,60,45,"100g fish fillets (any white fish), cut into pieces; 2 onions, thinly sliced; 2 tomatoes, chopped; 2 green chilies, chopped; 1/4 cup yogurt; 1/4 cup cooking oil; 2 teaspoons ginger garlic paste; 1 teaspoon red chili powder; 1 teaspoon coriander powder; 1/2 teaspoon turmeric powder; 1 teaspoon garam masala; Salt, to taste; Fresh coriander leaves, chopped","For fish curry: Heat oil in a pan and add thinly sliced onions. sauteuntil golden brown. Add ginger garlic paste and cook until fragrant. Add chopped tomatoes and green chilies. Cook until tomatoes are soft. Add fish pieces and cook until they are cooked through. Add yogurt, red chili powder, coriander powder, turmeric powder, garam masala, and salt. Cook for a few minutes. Garnish with chopped coriander leaves. Serve hot with naan or rice.",
Paneer Tikka Masala,650,49,65,49,"100g paneer, cubed; 2 onions, finely chopped; 2 tomatoes, finely chopped; 2 green chilies, chopped; 1/4 cup yogurt; 1/4 cup cooking oil; 2 teaspoons ginger garlic paste; 1 teaspoon red chili powder; 1 teaspoon coriander powder; 1/2 teaspoon turmeric powder; 1 teaspoon garam masala; Salt, to taste; Fresh coriander leaves, chopped","For paneer tikka masala: Heat oil in a pan and add chopped onions and green chilies. sauteuntil onions turn translucent. Add ginger garlic paste and cook until fragrant. Add chopped tomatoes and cook until they turn soft. Let the mixture cool down, then blend into a smooth paste. Transfer the paste back to the pan and add yogurt, red chili powder, coriander powder, turmeric powder, garam masala, and salt. Cook for a few minutes. Add cubed paneer and simmer until heated through. Garnish with chopped coriander leaves. Serve hot with naan or rice.",
Beef Korma,750,56,75,56,"200g beef, cut into pieces; 2 onions, thinly sliced; 2 tomatoes, chopped; 2 green chilies, chopped; 1/4 cup yogurt; 1/4 cup ghee; 2 teaspoons ginger garlic paste; 1 teaspoon red chili powder; 1 teaspoon coriander powder; 1/2 teaspoon turmeric powder; 1 teaspoon garam masala; Salt, to taste; Fresh coriander leaves, chopped","For beef korma: Heat ghee in a pressure cooker and add thinly sliced onions. sauteuntil golden brown. Add ginger garlic paste and cook until fragrant. Add chopped tomatoes and green chilies. Cook until tomatoes are soft. Add beef pieces and cook until they are browned. Add yogurt, red chili powder, coriander powder, turmeric powder, garam masala, and salt. Cook for a few minutes. Add water and pressure cook until the beef is tender. Garnish with chopped coriander leaves. Serve hot with naan or rice.",
Chicken Karahi,700,53,70,53,"200g chicken, cut into pieces; 2 onions, thinly sliced; 2 tomatoes, chopped; 2 green chilies, chopped; 1/4 cup yogurt; 1/4 cup cooking oil; 2 teaspoons ginger garlic paste; 1 teaspoon red chili powder; 1 teaspoon coriander powder; 1/2 teaspoon turmeric powder; 1 teaspoon garam masala; Salt, to taste; Fresh coriander leaves, chopped","For chicken karahi: Heat oil in a pan and add thinly sliced onions. sauteuntil golden brown. Add ginger garlic paste and cook until fragrant. Add chopped tomatoes and green chilies. Cook until tomatoes are soft. Add chicken pieces and cook until they are no longer pink. Add yogurt, red chili powder, coriander powder, turmeric powder, garam masala, and salt. Cook until the chicken is tender and the gravy thickens. Garnish with chopped coriander leaves. Serve hot with naan or rice.",
Palak Paneer,650,49,65,49,"100g paneer, cubed; 2 bunches spinach, washed and chopped; 2 onions, finely chopped; 2 tomatoes, finely chopped; 2 green chilies, chopped; 1/4 cup yogurt; 1/4 cup cooking oil; 2 teaspoons ginger garlic paste; 1 teaspoon cumin seeds; 1 teaspoon coriander powder; 1/2 teaspoon turmeric powder; Salt, to taste; Fresh coriander leaves, chopped","For palak paneer: Heat oil in a pan and add cumin seeds. When they start spluttering, add chopped onions and green chilies. sauteuntil onions turn translucent. Add ginger garlic paste and cook until fragrant. Add chopped tomatoes and cook until they turn soft. Add chopped spinach and cook until wilted. Let the mixture cool down, then blend into a smooth paste. Transfer the paste back to the pan and add yogurt, coriander powder, turmeric powder, and salt. Cook until the flavors are well combined. Add cubed paneer and simmer until heated through. Garnish with chopped coriander leaves. Serve hot with naan or rice.",
Matar Pulao,600,45,60,45,"1/2 cups basmati rice; 1 cup green peas; 2 onions, thinly sliced; 2 tomatoes, chopped; 2 green chilies, chopped; 1/4 cup yogurt; 1/4 cup cooking oil; 2 teaspoons ginger garlic paste; 1 teaspoon cumin seeds; 1 teaspoon coriander powder; 1/2 teaspoon turmeric powder; Salt, to taste; Fresh coriander leaves, chopped","For matar pulao: Wash and soak basmati rice in water for 30 minutes. Drain and set aside. In a large pan, heat oil and add cumin seeds. When they start spluttering, add thinly sliced onions and green chilies. sauteuntil onions turn translucent. Add ginger garlic paste and cook until fragrant. Add chopped tomatoes and cook until they turn soft. Add green peas and cook for a few minutes. Add yogurt, coriander powder, turmeric powder, and salt. Cook until the peas are slightly tender. Add soaked rice and water (ratio 1:2) to the pan. Cover and cook until the rice is fully cooked and fluffy. Garnish with chopped coriander leaves. Serve hot with raita",
Chicken Kofta Curry,700,53,70,53,"500g ground chicken; 2 onions, finely chopped; 2 tomatoes, finely chopped; 2 green chilies, chopped; 1/4 cup yogurt; 1/4 cup cooking oil; 2 teaspoons ginger garlic paste; 1 teaspoon red chili powder; 1 teaspoon coriander powder; 1/2 teaspoon turmeric powder; 1 teaspoon garam masala; Salt, to taste; Fresh coriander leaves, chopped","For chicken kofta curry: In a mixing bowl, combine ground chicken with chopped onions, green chilies, ginger garlic paste, red chili powder, coriander powder, turmeric powder, garam masala, and salt. Mix well and shape the mixture into small balls (koftas). Heat oil in a pan and fry the koftas until they are golden brown. Remove from the pan and keep aside. In the same pan, add chopped onions and sauteuntil golden brown. Add ginger garlic paste and cook until fragrant. Add chopped tomatoes and cook until they turn soft. Add yogurt, red chili powder, coriander powder, turmeric powder, garam masala, and salt. Cook until the oil separates. Add fried koftas to the gravy and simmer for a few minutes. Garnish with chopped coriander leaves. Serve hot with naan or rice.",
Chicken Tikka,750,56,75,56,"300g boneless chicken, cut into cubes; 1/4 cup yogurt; 2 tablespoons lemon juice; 2 teaspoons ginger garlic paste; 1 teaspoon red chili powder; 1 teaspoon coriander powder; 1/2 teaspoon turmeric powder; 1 teaspoon garam masala; Salt, to taste; Skewers","For chicken tikka: In a mixing bowl, combine yogurt, lemon juice, ginger garlic paste, red chili powder, coriander powder, turmeric powder, garam masala, and salt. Add chicken cubes and marinate for at least 1 hour. Thread the marinated chicken onto skewers. Preheat grill or barbecue. Grill the chicken skewers, turning occasionally, until cooked through and slightly charred. Serve hot with mint chutney and naan.",
Vegetable Biryani,650,49,65,49,"1/4 cups basmati rice; Assorted vegetables (carrots, peas, beans, cauliflower), chopped; 2 onions, thinly sliced; 2 tomatoes, chopped; 2 green chilies, chopped; 1/4 cup yogurt; 1/4 cup cooking oil; 2 teaspoons ginger garlic paste; 1/2 teaspoon turmeric powder; 1 teaspoon red chili powder; 1 teaspoon coriander powder; 1 teaspoon garam masala; Salt, to taste; Fresh coriander leaves, chopped","For vegetable biryani: Wash and soak basmati rice in water for 30 minutes. Drain and set aside. In a large pan, heat oil and add thinly sliced onions. sauteuntil golden brown. Add ginger garlic paste and cook until fragrant. Add chopped tomatoes and green chilies. Cook until tomatoes are soft. Add assorted vegetables and cook for a few minutes. Add yogurt, turmeric powder, red chili powder, coriander powder, garam masala, and salt. Cook until the vegetables are slightly tender. Add soaked rice and water (ratio 1:2) to the pan. Cover and cook until the rice is fully cooked and fluffy. Garnish with chopped coriander leaves. Serve hot with raita.",
Chana Masala,600,45,60,45,"1/2 cups chickpeas, cooked; 2 onions, finely chopped; 2 tomatoes, finely chopped; 2 green chilies, chopped; 1/4 cup yogurt; 1/4 cup cooking oil; 2 teaspoons ginger garlic paste; 1 teaspoon red chili powder; 1 teaspoon coriander powder; 1/2 teaspoon turmeric powder; 1 teaspoon garam masala; Salt, to taste; Fresh coriander leaves, chopped","For chana masala: Heat oil in a pan and add chopped onions. sauteuntil golden brown. Add ginger garlic paste and cook until fragrant. Add chopped tomatoes and green chilies. Cook until tomatoes are soft. Add cooked chickpeas and cook for a few minutes. Add yogurt, red chili powder, coriander powder, turmeric powder, garam masala, and salt. Cook until the flavors are well combined. Garnish with chopped coriander leaves. Serve hot with naan or rice.",
Bhindi Masala,550,41,55,41,"500g okra (ladyfinger), chopped; 2 onions, finely chopped; 2 tomatoes, finely chopped; 2 green chilies, chopped; 1/4 cup yogurt; 1/4 cup cooking oil; 2 teaspoons ginger garlic paste; 1 teaspoon red chili powder; 1 teaspoon coriander powder; 1/2 teaspoon turmeric powder; 1 teaspoon garam masala; Salt, to taste; Fresh coriander leaves, chopped","For bhindi masala: Heat oil in a pan and add chopped onions. sauteuntil golden brown. Add ginger garlic paste and cook until fragrant. Add chopped tomatoes and green chilies. Cook until tomatoes are soft. Add chopped okra and cook until tender. Add yogurt, red chili powder, coriander powder, turmeric powder, garam masala, and salt. Cook until the flavors are well combined. Garnish with chopped coriander leaves. Serve hot with naan or rice.",
Daal Fry,600,45,60,45,"1/2 cup yellow lentils (moong dal); 2 onions, finely chopped; 2 tomatoes, finely chopped; 2 green chilies, chopped; 1/4 cup yogurt; 1/4 cup cooking oil; 2 teaspoons ginger garlic paste; 1 teaspoon cumin seeds; 1 teaspoon red chili powder; 1 teaspoon coriander powder; 1/2 teaspoon turmeric powder; Salt, to taste; Fresh coriander leaves, chopped","For daal fry: Wash and soak yellow lentils in water for 30 minutes. Drain and set aside. In a pressure cooker, heat oil and add cumin seeds. When they start spluttering, add chopped onions and green chilies. sauteuntil onions turn translucent. Add ginger garlic paste and cook until fragrant. Add chopped tomatoes and cook until they turn soft. Add soaked lentils and water (ratio 1:3) to the pressure cooker. Add red chili powder, coriander powder, turmeric powder, and salt. Pressure cook until the lentils are soft and mushy. Garnish with chopped coriander leaves. Serve hot with rice or roti.",
Aloo Palak,550,41,55,41,"4 potatoes, peeled and cubed; 2 bunches spinach, washed and chopped; 2 onions, finely chopped; 2 tomatoes, finely chopped; 2 green chilies, chopped; 1/4 cup yogurt; 1/4 cup cooking oil; 2 teaspoons ginger garlic paste; 1 teaspoon cumin seeds; 1 teaspoon red chili powder; 1 teaspoon coriander powder; 1/2 teaspoon turmeric powder; Salt, to taste; Fresh coriander leaves, chopped","For aloo palak: Heat oil in a pan and add cumin seeds. When they start spluttering, add chopped onions and green chilies. sauteuntil onions turn translucent. Add ginger garlic paste and cook until fragrant. Add chopped tomatoes and cook until they turn soft. Add cubed potatoes and cook for a few minutes. Add chopped spinach and cook until wilted. Add yogurt, red chili powder, coriander powder, turmeric powder, and salt. Cook until the flavors are well combined. Garnish with chopped coriander leaves. Serve hot with naan or rice.",
Chicken Nihari,750,56,75,56,"200g chicken, cut into pieces; 2 onions, thinly sliced; 2 tomatoes, chopped; 2 green chilies, chopped; 1/4 cup yogurt; 1/4 cup ghee; 2 teaspoons ginger garlic paste; 1 teaspoon red chili powder; 1 teaspoon coriander powder; 1/2 teaspoon turmeric powder; 1 teaspoon garam masala; Salt, to taste; Fresh coriander leaves, chopped","For chicken nihari: Heat ghee in a pressure cooker and add thinly sliced onions. sauteuntil golden brown. Add ginger garlic paste and cook until fragrant. Add chopped tomatoes and green chilies. Cook until tomatoes are soft. Add chicken pieces and cook until they are browned. Add yogurt, red chili powder, coriander powder, turmeric powder, garam masala, and salt. Cook for a few minutes. Add water and pressure cook until the chicken is tender. Garnish with chopped coriander leaves. Serve hot with naan or rice.",
Mutton Curry,800,60,80,60,"200g mutton, cut into pieces; 2 onions, thinly sliced; 2 tomatoes, chopped; 2 green chilies, chopped; 1/4 cup yogurt; 1/4 cup cooking oil; 2 teaspoons ginger garlic paste; 1 teaspoon red chili powder; 1 teaspoon coriander powder; 1/2 teaspoon turmeric powder; 1 teaspoon garam masala; Salt, to taste; Fresh coriander leaves, chopped","For mutton curry: Heat oil in a pressure cooker and add thinly sliced onions. sauteuntil golden brown. Add ginger garlic paste and cook until fragrant. Add chopped tomatoes and green chilies. Cook until tomatoes are soft. Add mutton pieces and cook until they are browned. Add yogurt, red chili powder, coriander powder, turmeric powder, garam masala, and salt. Cook for a few minutes. Add water and pressure cook until the mutton is tender. Garnish with chopped coriander leaves. Serve hot with naan or rice.",
Chapli Kebab,700,53,70,53,"200g minced meat (beef or mutton); 1 onion, finely chopped; 2 tomatoes, chopped; 2 green chilies, chopped; 1/4 cup fresh coriander leaves, chopped; 1 teaspoon ginger paste; 1 teaspoon garlic paste; 1 teaspoon red chili powder; 1 teaspoon coriander powder; 1/2 teaspoon cumin powder; 1/2 teaspoon turmeric powder; Salt, to taste; Oil, for frying","For chapli kebab: In a mixing bowl, combine minced meat, chopped onion, tomatoes, green chilies, coriander leaves, ginger paste, garlic paste, red chili powder, coriander powder, cumin powder, turmeric powder, and salt. Mix well. Divide the mixture into equal-sized portions and shape them into flat patties. Heat oil in a frying pan over medium heat. Fry the kebabs until they are golden brown and cooked through. Serve hot with naan or rice.",
Chicken Pulao,750,56,75,56,"2 cups basmati rice; 500g chicken, cut into pieces; 2 onions, thinly sliced; 2 tomatoes, chopped; 2 green chilies, chopped; 1/4 cup yogurt; 1/4 cup cooking oil; 2 teaspoons ginger garlic paste; 1 teaspoon cumin seeds; 1 teaspoon red chili powder; 1 teaspoon coriander powder; 1/2 teaspoon turmeric powder; 1 teaspoon garam masala; Salt, to taste; Fresh coriander leaves, chopped","For chicken pulao: Wash and soak basmati rice in water for 30 minutes. Drain and set aside. In a pressure cooker, heat oil and add cumin seeds. When they start spluttering, add thinly sliced onions and green chilies. sauteuntil onions turn translucent. Add ginger garlic paste and cook until fragrant. Add chopped tomatoes and cook until they turn soft. Add chicken pieces and cook until they are no longer pink. Add yogurt, red chili powder, coriander powder, turmeric powder, garam masala, and salt. Cook for a few minutes. Add soaked rice and water (ratio 1:2) to the pressure cooker. Cover and cook until the rice is fully cooked and fluffy. Garnish with chopped coriander leaves. Serve hot with raita.",
Aloo Gosht,750,56,75,56,"300g mutton, cut into pieces; 4 potatoes, peeled and cubed; 2 onions, thinly sliced; 2 tomatoes, chopped; 2 green chilies, chopped; 1/4 cup yogurt; 1/4 cup cooking oil; 2 teaspoons ginger garlic paste; 1 teaspoon red chili powder; 1 teaspoon coriander powder; 1/2 teaspoon turmeric powder; 1 teaspoon garam masala; Salt, to taste; Fresh coriander leaves, chopped","For aloo gosht: Heat oil in a pressure cooker and add thinly sliced onions. sauteuntil golden brown. Add ginger garlic paste and cook until fragrant. Add chopped tomatoes and green chilies. Cook until tomatoes are soft. Add mutton pieces and cook until they are browned. Add yogurt, red chili powder, coriander powder, turmeric powder, garam masala, and salt. Cook for a few minutes. Add water and pressure cook until the mutton is tender. Add cubed potatoes and simmer until cooked through. Garnish with chopped coriander leaves. Serve hot with naan or rice.",
Shahi Paneer,700,53,70,53,"200g paneer, cubed; 1 onion, finely chopped; 2 tomatoes, finely chopped; 2 green chilies, chopped; 1/4 cup yogurt; 1/4 cup cream; 1/4 cup cooking oil; 2 teaspoons ginger garlic paste; 1 teaspoon cumin seeds; 1 teaspoon red chili powder; 1 teaspoon coriander powder; 1/2 teaspoon turmeric powder; 1 teaspoon garam masala; Salt, to taste; Fresh coriander leaves, chopped","For shahi paneer: Heat oil in a pan and add cumin seeds. When they start spluttering, add chopped onions and green chilies. sauteuntil onions turn translucent. Add ginger garlic paste and cook until fragrant. Add chopped tomatoes and cook until they turn soft. Let the mixture cool down, then blend into a smooth paste. Transfer the paste back to the pan and add yogurt, cream, red chili powder, coriander powder, turmeric powder, garam masala, and salt. Cook until the flavors are well combined. Add cubed paneer and simmer until heated through. Garnish with chopped coriander leaves. Serve hot with naan.",
Chicken Handi,750,56,75,56,"500g chicken, cut into pieces; 2 onions, thinly sliced; 2 tomatoes, chopped; 2 green chilies, chopped; 1/4 cup yogurt; 1/4 cup cream; 1/4 cup cooking oil; 2 teaspoons ginger garlic paste; 1 teaspoon red chili powder; 1 teaspoon coriander powder; 1/2 teaspoon turmeric powder; 1 teaspoon garam masala; Salt, to taste; Fresh coriander leaves, chopped","For chicken handi: Heat oil in a pan and add thinly sliced onions. sauteuntil golden brown. Add ginger garlic paste and cook until fragrant. Add chopped tomatoes and green chilies. Cook until tomatoes are soft. Add chicken pieces and cook until they are no longer pink. Add yogurt, cream, red chili powder, coriander powder, turmeric powder, garam masala, and salt. Cook until the chicken is tender and the gravy thickens. Garnish with chopped coriander leaves. Serve hot with naan or rice.",
Lahori Fish,700,53,70,53,"300g fish fillets (like tilapia or cod); 1 cup gram flour (besan); 2 tablespoons rice flour; 1 teaspoon red chili powder; 1 teaspoon cumin powder; 1/2 teaspoon turmeric powder; Salt, to taste; Oil, for frying","For Lahori fish: In a bowl, mix gram flour, rice flour, red chili powder, cumin powder, turmeric powder, and salt. Add water gradually to make a thick batter. Dip fish fillets in the batter and fry in hot oil until golden brown and crispy. Serve hot with mint chutney and lemon wedges.",
Chicken Jalfrezi,750,56,75,56,"300g chicken, cut into strips; 2 onions, thinly sliced; 2 bell peppers, sliced; 2 tomatoes, chopped; 2 green chilies, chopped; 1/4 cup yogurt; 1/4 cup cooking oil; 2 teaspoons ginger garlic paste; 1 teaspoon red chili powder; 1 teaspoon cumin powder; 1/2 teaspoon turmeric powder; 1 teaspoon garam masala; Salt, to taste; Fresh coriander leaves, chopped","For chicken jalfrezi: Heat oil in a pan and add thinly sliced onions. sauteuntil golden brown. Add ginger garlic paste and cook until fragrant. Add sliced bell peppers and cook until slightly tender. Add chopped tomatoes and green chilies. Cook until tomatoes are soft. Add chicken strips and cook until they are no longer pink. Add yogurt, red chili powder, cumin powder, turmeric powder, garam masala, and salt. Cook until the chicken is cooked through and the sauce thickens. Garnish with chopped coriander leaves. Serve hot with naan or rice.",
Achari Gosht,800,60,80,60,"300g mutton, cut into pieces; 2 onions, thinly sliced; 2 tomatoes, chopped; 2 green chilies, chopped; 1/4 cup yogurt; 1/4 cup cooking oil; 2 teaspoons ginger garlic paste; 1 teaspoon fenugreek seeds; 1 teaspoon fennel seeds; 1 teaspoon mustard seeds; 1 teaspoon red chili powder; 1 teaspoon turmeric powder; 1 teaspoon garam masala; Salt, to taste; Fresh coriander leaves, chopped","For achari gosht: Heat oil in a pressure cooker and add fenugreek seeds, fennel seeds, and mustard seeds. sauteuntil fragrant. Add thinly sliced onions and sauteuntil golden brown. Add ginger garlic paste and cook until fragrant. Add chopped tomatoes and green chilies. Cook until tomatoes are soft. Add mutton pieces and cook until they are browned. Add yogurt, red chili powder, turmeric powder, garam masala, and salt. Cook for a few minutes. Add water and pressure cook until the mutton is tender. Garnish with chopped coriander leaves. Serve hot with naan or rice.",
Chicken Chapli Kebab,750,56,75,56,"500g minced chicken; 1 onion, finely chopped; 2 tomatoes, chopped; 2 green chilies, chopped; 1/4 cup fresh coriander leaves, chopped; 1 teaspoon ginger paste; 1 teaspoon garlic paste; 1 teaspoon red chili powder; 1 teaspoon coriander powder; 1/2 teaspoon cumin powder; 1/2 teaspoon turmeric powder; Salt, to taste; Oil, for frying","For chicken chapli kebab: In a mixing bowl, combine minced chicken, chopped onion, tomatoes, green chilies, coriander leaves, ginger paste, garlic paste, red chili powder, coriander powder, cumin powder, turmeric powder, and salt. Mix well. Divide the mixture into equal-sized portions and shape them into flat patties. Heat oil in a frying pan over medium heat. Fry the kebabs until they are golden brown and cooked through. Serve hot with naan or rice.",
Grilled Lemon Herb Chicken Salad,400,30,40,30,"200g chicken breast, grilled and sliced; Mixed salad greens; 1 cucumber, sliced; 1 bell pepper, diced; 1 tomato, diced; 1/4 cup sliced red onion; 1 tablespoon olive oil; 1 tablespoon lemon juice; 1 teaspoon dried oregano; Salt and pepper, to taste","For grilled lemon herb chicken salad: In a large bowl, combine the mixed salad greens, cucumber, bell pepper, tomato, and red onion. Top with grilled chicken slices. In a small bowl, whisk together olive oil, lemon juice, dried oregano, salt, and pepper to make the dressing. Drizzle the dressing over the salad and toss to coat. Serve immediately.",
Murgh Chicken with Shan Masala,430,30,5,8,300g chicken breast diced; 3 tablespoons Shan Chicken Masala; 2 tablespoons yogurt; 1 tablespoon lemon juice; 2 tablespoons oil; Salt to taste; Chopped coriander leaves for garnish; Sliced onions and lemon wedges for serving, Marinate the Chicken: In a bowl mix Shan Chicken Masala yogurt lemon juice and salt. Add diced chicken breast to the mixture. Ensure each piece is coated evenly. Let it marinate for at least 30 minutes in the refrigerator. Heat oil in a non-stick pan over medium heat. Add the marinated chicken and cook for 10-15 minutes stirring occasionally until the chicken is cooked through and slightly browned. Adjust salt if necessary.,
Lentil and Vegetable Soup,300,23,30,23,"1 cup cooked lentils; Assorted vegetables (such as carrots, celery, and spinach), diced; 2 cloves garlic, minced; 4 cups vegetable broth; 1 teaspoon dried thyme; 1 teaspoon dried oregano; Salt and pepper, to taste","For lentil and vegetable soup: In a large pot, heat olive oil over medium heat. Add minced garlic and sautefor 1 minute. Add assorted diced vegetables and cook until slightly softened. Add cooked lentils, vegetable broth, dried thyme, and dried oregano. Bring to a boil, then reduce heat and simmer for 15-20 minutes. Season with salt and pepper to taste. Serve hot.",
Chicken White Karhai with Shan Masala,280,25,7,16,"100g boneless chicken, cut into cubes; 1 cup yogurt; 1 onion, thinly sliced; 2 tomatoes, chopped; 3 green chilies, chopped; 3 tablespoons Shan Chicken White Karhai Masala; 1/4 cup oil; 1 teaspoon ginger paste; 1 teaspoon garlic paste; Salt to taste; Chopped coriander leaves for garnish","1. Marinate the Chicken: In a bowl; mix chicken cubes with yogurt; Shan Chicken White Karhai Masala; ginger paste ;garlic paste; and salt. Let it marinate for at least 1 hour. 2. Cooking: Heat oil in a karhai or deep skillet over medium heat. Add thinly sliced onions and cook until golden brown. Add chopped tomatoes and green chilies. Cook until tomatoes are soft. 3. Add the marinated chicken mixture to the karhai. Cook for 15-20 minutes ; stirring occasionally, until the chicken is cooked through and the oil separates from the masala. 4. Garnish with chopped coriander leaves. Serve hot with naan or rice. Enjoy your delicious Chicken White Karhai made with Shan Masala!",
Punjabi Chicken Pulao,380,28,43,12,"200g chicken breast; 1/6 cup basmati rice, 1 onions (thinly sliced), 2 tomatoes (chopped); 2 tablespoons Shan Chicken Pulao Masala; 2 tablespoons oil; 4 cups water; Salt to taste; Fresh coriander leaves for garnish; Fried onions for garnish;1. Rinse 1 cup of basmati rice and soak for 30 minutes. 2. Heat oil in a pot and sautethinly sliced onions until golden brown. 3. Add chopped tomatoes and cook until soft. 4. Add 500g diced chicken breast and cook until sealed. 5. Add 2 tablespoons Shan Chicken Pulao Masala and mix well. 6. Drain soaked rice and add it to the pot. Stir until combined. 7. Add 4 cups of water and salt to taste. Bring to a boil. 8. Reduce heat; cover"," and simmer until rice is cooked and water is absorbed. 9. Garnish with fresh coriander leaves and fried onions. 10. Serve hot and enjoy the delicious Punjabi Chicken Pulao!""",
Mediterranean Chickpea Salad,380,29,38,29,"1/2 can chickpeas, drained and rinsed; 1 cucumber, diced; 1 tomato, diced; 1/4 cup diced red onion; 1/4 cup sliced Kalamata olives; 1/4 cup crumbled feta cheese; 2 tablespoons chopped fresh parsley; 1 tablespoon olive oil; 1 tablespoon lemon juice; Salt and pepper, to taste","For Mediterranean chickpea salad: In a large bowl; combine the chickpeas; cucumber; tomato; red onion; Kalamata olives; crumbled feta cheese, and chopped fresh parsley. In a small bowl, whisk together olive oil, lemon juice, salt, and pepper to make the dressing. Drizzle the dressing over the salad and toss to coat. Serve chilled or at room temperature.",
Egg Salad Lettuce Wraps,300,23,30,23,"4 hard-boiled eggs, chopped; 1/4 cup Greek yogurt; 1 tablespoon Dijon mustard; 1/4 cup diced celery; 1/4 cup diced red onion; 2 tablespoons chopped fresh chives; Salt and pepper, to taste; Large lettuce leaves","For egg salad lettuce wraps: In a bowl, mix together chopped hard-boiled eggs, Greek yogurt, Dijon mustard, diced celery, diced red onion, chopped fresh chives, salt, and pepper until well combined. Spoon the egg salad mixture onto large lettuce leaves. Roll up the lettuce leaves to form wraps. Serve immediately.",
Cauliflower Fried Rice,250,19,25,19,"1/2 cups cauliflower rice; 1/2 cup mixed vegetables (such as peas, carrots, and corn); 2 eggs, beaten; 2 cloves garlic, minced; 2 tablespoons low-sodium soy sauce; 1 tablespoon sesame oil; 1/4 cup chopped green onions","For cauliflower fried rice: Heat sesame oil in a large skillet or wok over medium heat. Add minced garlic and sautefor 1 minute. Add mixed vegetables and cook until tender. Push the vegetables to one side of the skillet and pour the beaten eggs into the other side. Scramble the eggs until cooked through, then mix with the vegetables. Add cauliflower rice and low-sodium soy sauce to the skillet. Stir-fry until everything is heated through. Garnish with chopped green onions. Serve hot.",
Greek Chicken Salad,400,30,40,30,"200g grilled chicken breast, sliced; Mixed salad greens; 1 cucumber, sliced; 1 cup cherry tomatoes, halved; 1/4 cup sliced red onion; 1/4 cup crumbled feta cheese; 2 tablespoons sliced Kalamata olives; 2 tablespoons chopped fresh parsley; 1 tablespoon olive oil; 1 tablespoon red wine vinegar; Salt and pepper, to taste","For Greek chicken salad: In a large bowl, combine mixed salad greens, cucumber slices, cherry tomatoes, red onion slices, crumbled feta cheese, sliced Kalamata olives, and chopped fresh parsley. Top with grilled chicken slices. In a small bowl, whisk together olive oil, red wine vinegar, salt, and pepper to make the dressing. Drizzle the dressing over the salad and toss to coat. Serve immediately.",
Cauliflower and Chickpea Curry,350,26,35,26,"1 head cauliflower, cut into florets; 1 can chickpeas, drained and rinsed; 1 onion, diced; 2 cloves garlic, minced; 1 can coconut milk; 2 tablespoons curry powder; 1 teaspoon turmeric; Salt and pepper, to taste; Fresh cilantro, for garnish","For cauliflower and chickpea curry: Heat olive oil in a large skillet or pot over medium heat. Add diced onion and minced garlic, and sauteuntil softened. Add cauliflower florets and chickpeas, and cook for a few minutes. Stir in curry powder and turmeric, and cook until fragrant. Pour in coconut milk and bring to a simmer. Cook for 10-15 minutes until cauliflower is tender. Season with salt and pepper to taste. Garnish with fresh cilantro before serving. Serve with rice or naan.",
Greek Yogurt Chicken Salad,350,26,35,26,"200g cooked chicken breast, shredded; 1/4 cup Greek yogurt; 1 tablespoon Dijon mustard; 1 tablespoon lemon juice; 1/4 cup diced celery; 1/4 cup diced red onion; 1/4 cup halved grapes; Salt and pepper, to taste","For Greek yogurt chicken salad: In a bowl, mix together shredded cooked chicken breast, Greek yogurt, Dijon mustard, lemon juice, diced celery, diced red onion, halved grapes, salt, and pepper until well combined. Serve chilled or in a whole wheat pita pocket for a sandwich.",
Lentil and Spinach Salad,350,26,35,26,"1/2 cup cooked lentils; 2 cups fresh spinach leaves; 1/4 cup diced red onion; 1/4 cup crumbled feta cheese; 2 tablespoons chopped fresh parsley; 1 tablespoon olive oil; 1 tablespoon lemon juice; Salt and pepper, to taste","For lentil and spinach salad: In a large bowl, combine cooked lentils, fresh spinach leaves, diced red onion, crumbled feta cheese, and chopped fresh parsley. In a small bowl, whisk together olive oil, lemon juice, salt, and pepper to make the dressing. Drizzle the dressing over the salad and toss to coat. Serve chilled or at room temperature.",
Achari Bhindi Gosht,680,30,15,20,"500g Gosht, cut into pieces; 250g okra (bhindi), trimmed and sliced; 3 tablespoons National Achari Masala; 2 onions, finely chopped; 2 tomatoes, chopped; 2 green chilies, slit; 1/4 cup yogurt; 2 tablespoons oil; 2 teaspoons ginger paste; 2 teaspoons garlic paste; Salt, to taste; Fresh coriander leaves for garnish","1. Marinate the Lamb: In a bowl, mix National Achari Masala with yogurt, ginger paste, garlic paste, and salt. Add lamb pieces to the mixture. Ensure each piece is coated evenly. Let it marinate for at least 30 minutes. Cooking: Heat oil in a pan over medium heat. Add finely chopped onions and sauteuntil golden brown. Add marinated lamb and cook until it turns brown. Add chopped tomatoes and slit green chilies. Cook until tomatoes are soft. Add sliced okra and cook until tender, stirring occasionally. Serve: Garnish with fresh coriander leaves. Serve hot with rice or naan.",
Chicken Karele,320,35,10,15,"500g chicken breast, cut into bite-sized pieces; 3 medium-sized bitter gourds (karela), thinly sliced; 2 onions, thinly sliced; 2 tomatoes, chopped; 2 green chilies, slit; 2 tablespoons ginger-garlic paste; 2 tablespoons olive oil; 1 teaspoon turmeric powder; 1 teaspoon coriander powder; 1 teaspoon cumin powder; 1 teaspoon garam masala; Salt, to taste; Fresh coriander leaves for garnish","1. Prepare the Bitter Gourd: Sprinkle salt over the sliced bitter gourds and set aside for 15 minutes. This helps to reduce bitterness. After 15 minutes, rinse the bitter gourds under cold water and squeeze out excess water. Cooking: Heat olive oil in a pan over medium heat. Add thinly sliced onions and cook until they turn golden brown. Add ginger-garlic paste and cook until the raw smell disappears. Add chopped tomatoes and cook until they become soft and mushy. Add turmeric powder, coriander powder, cumin powder, and garam masala. Mix well. Add the chicken pieces and cook until they are no longer pink. Add the sliced bitter gourds and slit green chilies. Mix everything well. Cover and cook on low heat for about 15-20 minutes or until the chicken is cooked through and the bitter gourds are tender. Adjust salt according to taste. Serve: Garnish with fresh coriander leaves. Serve hot with rice or roti.",
Mediterranean Chicken Salad,350,26,35,26,"100g grilled chicken breast, sliced; Mixed salad greens; 1 cucumber, sliced; 1 cup cherry tomatoes, halved; 1/4 cup sliced red onion; 1/4 cup crumbled feta cheese; 2 tablespoons sliced Kalamata olives; 2 tablespoons chopped fresh parsley; 1 tablespoon olive oil; 1 tablespoon red wine vinegar; Salt and pepper, to taste","For Mediterranean chicken salad: In a large bowl, combine mixed salad greens, cucumber slices, cherry tomatoes, red onion slices, crumbled feta cheese, sliced Kalamata olives, and chopped fresh parsley. Top with grilled chicken slices. In a small bowl, whisk together olive oil, red wine vinegar, salt, and pepper to make the dressing. Drizzle the dressing over the salad and toss to coat. Serve immediately.",
Greek Yogurt Chicken Wrap,350,26,35,26,"100g cooked chicken breast, shredded; 1/4 cup Greek yogurt; 1 tablespoon Dijon mustard; 1 tablespoon lemon juice; 1/4 cup diced celery; 1/4 cup diced red onion; 1/4 cup halved grapes; Salt and pepper, to taste; Whole wheat tortilla wrap","For Greek yogurt chicken wrap: In a bowl, mix together shredded cooked chicken breast, Greek yogurt, Dijon mustard, lemon juice, diced celery, diced red onion, halved grapes, salt, and pepper until well combined. Spread the Greek yogurt chicken mixture onto a whole wheat tortilla wrap. Roll up the wrap tightly and slice in half diagonally. Serve immediately.",
Lentil and Spinach Soup,300,23,30,23,"1 cup cooked lentils; 2 cups fresh spinach leaves; 1/4 cup diced red onion; 2 cloves garlic, minced; 4 cups vegetable broth; 1 teaspoon dried thyme; 1 teaspoon dried rosemary; Salt and pepper, to taste","For lentil and spinach soup: In a large pot, heat olive oil over medium heat. Add minced garlic and diced red onion, and sauteuntil softened. Add fresh spinach leaves and cook until wilted. Stir in cooked lentils, vegetable broth, dried thyme, and dried rosemary. Bring to a boil, then reduce heat and simmer for 15-20 minutes. Season with salt and pepper to taste. Serve hot.",
Potato and Chickpea Salad,350,26,35,26,"1 large potato, boiled and diced; 1 can chickpeas, drained and rinsed; 1 cup cherry tomatoes, halved; 1/4 cup diced red onion; 2 tablespoons chopped fresh parsley; 1 tablespoon olive oil; 1 tablespoon lemon juice; Salt and pepper, to taste","For potato and chickpea salad: In a large bowl, combine diced boiled potato, chickpeas, cherry tomatoes, diced red onion, and chopped fresh parsley. In a small bowl, whisk together olive oil, lemon juice, salt, and pepper to make the dressing. Drizzle the dressing over the salad and toss to coat. Serve chilled or at room temperature.",
Grilled Veggie Wrap,300,23,30,23,"Assorted grilled vegetables (such as zucchini, bell peppers, and eggplant); 2 tablespoons hummus; Whole wheat tortilla wrap",For grilled veggie wrap: Lay a whole wheat tortilla wrap flat. Spread hummus evenly over the wrap. Place assorted grilled vegetables on top of the hummus. Roll up the wrap tightly and slice in half diagonally. Serve immediately.,
Egg Salad Lettuce Wraps,250,19,25,19,"2 hard-boiled eggs, chopped; 1/4 cup diced celery; 2 tablespoons diced red onion; 2 tablespoons Greek yogurt; 1 tablespoon Dijon mustard; Salt and pepper, to taste; Large lettuce leaves","For egg salad lettuce wraps: In a bowl, mix together chopped hard-boiled eggs, diced celery, diced red onion, Greek yogurt, Dijon mustard, salt, and pepper until well combined. Spoon the egg salad onto large lettuce leaves. Roll up the lettuce leaves to form wraps. Serve immediately.",
Black Bean and Corn Salad,300,23,30,23,"1 can black beans, drained and rinsed; 1 cup corn kernels; 1/2 cup diced red bell pepper; 1/4 cup chopped fresh cilantro; 2 tablespoons lime juice; 1 tablespoon olive oil; Salt and pepper, to taste","For black bean and corn salad: In a large bowl, combine black beans, corn kernels, diced red bell pepper, and chopped fresh cilantro. In a small bowl, whisk together lime juice, olive oil, salt, and pepper to make the dressing. Drizzle the dressing over the salad and toss to coat. Serve chilled or at room temperature.",
Greek Chicken Pita Pocket,350,26,35,26,"100g grilled chicken breast, sliced; Whole wheat pita pocket; Mixed salad greens; Sliced cucumber; Sliced tomato; Crumbled feta cheese; Kalamata olives; Tzatziki sauce","For Greek chicken pita pocket: Warm the whole wheat pita pocket in a toaster or microwave. Stuff the pita pocket with sliced grilled chicken breast, mixed salad greens, sliced cucumber, sliced tomato, crumbled feta cheese, and Kalamata olives. Drizzle with tzatziki sauce. Serve immediately.",
Chicken Salad Stuffed Bell Peppers,300,23,30,23,"2 cans chicken, drained; 1/4 cup Greek yogurt; 1 tablespoon Dijon mustard; 1 tablespoon lemon juice; 1/4 cup diced celery; 1/4 cup diced red onion; 2 tablespoons chopped fresh parsley; Salt and pepper, to taste; 2 bell peppers, halved and seeds removed","For chicken salad stuffed bell peppers: In a bowl, mix together drained chicken, Greek yogurt, Dijon mustard, lemon juice, diced celery, diced red onion, chopped fresh parsley, salt, and pepper until well combined. Spoon the chicken salad into halved bell peppers. Serve chilled or at roomtemperature.",
Cauliflower Fried Rice,250,19,25,19,"1 cups cauliflower rice; 1 cup mixed vegetables (such as peas, carrots, and corn); 2 eggs, beaten; 2 tablespoons low-sodium soy sauce; 1 tablespoon sesame oil; 2 cloves garlic, minced; 1/4 cup chopped green onions","For cauliflower fried rice: Heat sesame oil in a large skillet or wok over medium heat. Add minced garlic and cook until fragrant. Add mixed vegetables and cook until tender. Push the vegetables to one side of the skillet and pour the beaten eggs into the other side. Scramble the eggs until cooked through, then mix with the vegetables. Add cauliflower rice and low-sodium soy sauce to the skillet. Stir-fry until everything is heated through. Garnish with chopped green onions. Serve hot.",
Greek Salad Wrap,300,23,30,23,Whole wheat tortilla wrap; Mixed salad greens; Sliced cucumber; Sliced tomato; Sliced red onion; Kalamata olives; Crumbled feta cheese; Greek salad dressing,"For Greek salad wrap: Lay a whole wheat tortilla wrap flat. Arrange mixed salad greens, sliced cucumber, sliced tomato, sliced red onion, Kalamata olives, and crumbled feta cheese on top of the wrap. Drizzle with Greek salad dressing. Roll up the wrap tightly and slice in half diagonally. Serve immediately.",
Lentil and Vegetable Soup,250,19,25,19,"1/8 cup cooked lentils; 1 cups mixed vegetables (such as carrots, celery, and bell peppers), diced; 4 cups vegetable broth; 2 cloves garlic, minced; 1 teaspoon dried thyme; 1 teaspoon dried rosemary; Salt and pepper, to taste","For lentil and vegetable soup: In a large pot, combine vegetable broth, cooked lentils, mixed vegetables, minced garlic, dried thyme, and dried rosemary. Bring to a boil, then reduce heat and simmer for 15-20 minutes until vegetables are tender. Season with salt and pepper to taste. Serve hot.",
Chicken Caesar Salad Wrap,350,26,35,26,"100g grilled chicken breast, sliced; Whole wheat tortilla wrap; Romaine lettuce leaves; Grated Parmesan cheese; Caesar salad dressing",For chicken Caesar salad wrap: Lay a whole wheat tortilla wrap flat. Arrange romaine lettuce leaves on top of the wrap. Place sliced grilled chicken breast on top of the lettuce. Sprinkle with grated Parmesan cheese. Drizzle with Caesar salad dressing. Roll up the wrap tightly and slice in half diagonally. Serve immediately.,
Veggie and Hummus Sandwich,300,23,30,23,Whole wheat bread slices; Hummus; Sliced cucumber; Sliced tomato; Sliced red bell pepper; Sliced avocado; Mixed salad greens,"For veggie and hummus sandwich: Spread hummus evenly on two slices of whole wheat bread. Layer sliced cucumber, sliced tomato, sliced red bell pepper, sliced avocado, and mixed salad greens on one bread slice. Top with the other bread slice. Cut the sandwich in half and serve immediately.",
Chapli Kebabs,350,26,35,26,"50g ground beef or lamb; 1 onion, finely chopped; 2 tomatoes, finely chopped; 2 green chilies, finely chopped; 2 tablespoons coriander leaves, chopped; 1 tablespoon ginger garlic paste; 1 teaspoon cumin seeds; 1 teaspoon coriander powder; 1/2 teaspoon chili powder; 1/2 teaspoon garam masala; Salt and pepper, to taste; Oil, for frying","For chapli kebabs: In a bowl, combine ground meat, chopped onion, chopped tomatoes, chopped green chilies, chopped coriander leaves, ginger garlic paste, cumin seeds, coriander powder, chili powder, garam masala, salt, and pepper. Mix well. Divide the mixture into equal-sized portions and shape them into flat patties. Heat oil in a skillet over medium heat. Fry the kebabs until they are golden brown and cooked through. Serve hot with naan or rice.",
Chicken Biryani,600,45,60,45,"2 cups basmati rice; 200g chicken, cut into pieces; 2 onions, thinly sliced; 1 cup yogurt; 1/4 cup cooking oil; 1/4 cup ghee; 2 tomatoes, chopped; 2 potatoes, peeled and quartered; 2 teaspoons ginger garlic paste; 1/2 teaspoon turmeric powder; 1 teaspoon red chili powder; 1 teaspoon coriander powder; 1 teaspoon garam masala powder; 1/2 cup chopped mint leaves; 1/2 cup chopped coriander leaves; Salt, to taste","For chicken biryani: Wash and soak basmati rice in water for 30 minutes. Drain and set aside. In a large pan, heat oil and ghee. Add sliced onions and fry until golden brown. Remove half of the fried onions and set aside for garnish. Add ginger garlic paste to the remaining onions in the pan and sauteuntil fragrant. Add chicken pieces and cook until they are no longer pink. Add chopped tomatoes, yogurt, turmeric powder, red chili powder, coriander powder, garam masala powder, mint leaves, coriander leaves, and salt. Cook until the oil separates. In a separate pot, boil water and add salt. Cook the soaked rice until it's 70% done. Drain the rice and set aside. Layer the cooked chicken masala and partially cooked rice in a large pot. Top with the reserved fried onions. Cover the pot with a tight lid and cook on low heat for 20-25 minutes until the rice is fully cooked and aromatic. Serve hot with raita or salad.",
Palak Paneer,350,26,35,26,"200g paneer, cubed; 1 cups spinach leaves; 1 onion, chopped; 2 tomatoes, chopped; 2 cloves garlic, minced; 1-inch piece ginger, grated; 2 green chilies, chopped; 1 teaspoon cumin seeds; 1 teaspoon coriander powder; 1/2 teaspoon turmeric powder; 1/2 teaspoon garam masala; Salt and pepper, to taste; 1/4 cup cream","For palak paneer: Blanch spinach leaves in boiling water for 2 minutes, then transfer to ice water. Drain and blend into a smooth paste. Heat oil in a pan and add cumin seeds. Once they crackle, add chopped onions and cook until golden brown. Add minced garlic, grated ginger, and chopped green chilies. Cook until fragrant. Add chopped tomatoes and cook until they soften. Stir in turmeric powder, coriander powder, and salt. Add spinach paste and cook for a few minutes. Add cubed paneer and garam masala. Simmer for 5 minutes. Stir in cream and cook for an additional 2 minutes. Serve hot with naan or rice.",
Aloo Palak (Potato and Spinach Curry),300,23,30,23,"2 potatoes, peeled and cubed; 2 cups spinach leaves; 1 onion, chopped; 2 tomatoes, chopped; 2 cloves garlic, minced; 1-inch piece ginger, grated; 2 green chilies, chopped; 1 teaspoon cumin seeds; 1 teaspoon coriander powder; 1/2 teaspoon turmeric powder; Salt and pepper, to taste","For aloo palak: Blanch spinach leaves in boiling water for 2 minutes, then transfer to ice water. Drain and blend into a smooth paste. Heat oil in a pan and add cumin seeds. Once they crackle, add chopped onions and cook until golden brown. Add minced garlic, grated ginger, and chopped green chilies. Cook until fragrant. Add chopped tomatoes and cook until they soften. Stir in turmeric powder, coriander powder, and salt. Add cubed potatoes and cook until tender. Add spinach paste and simmer for 5 minutes. Serve hot with roti or rice.",
Daal Chawal (Lentils and Rice),400,30,40,30,"1/4 cup lentils; 1 onion, chopped; 2 tomatoes, chopped; 2 cloves garlic, minced; 1-inch piece ginger, grated; 2 green chilies, chopped; 1 teaspoon cumin seeds; 1/2 teaspoon turmeric powder; Salt and pepper, to taste; Fresh coriander leaves, for garnish","For daal chawal: Wash lentils and cook with water until soft. Heat oil in a pan and add cumin seeds. Once they crackle, add chopped onions and cook until golden brown. Add minced garlic, grated ginger, and chopped green chilies. Cook until fragrant. Add chopped tomatoes and cook until they soften. Stir in turmeric powder, salt, and cooked lentils. Simmer for 5-10 minutes. Serve hot with rice.",
Beef Nihari,500,38,50,38,"150g beef, cubed; 2 onions, sliced; 2 tomatoes, chopped; 2 cloves garlic, minced; 1-inch piece ginger, grated; 2 green chilies, chopped; 2 tablespoons wheat flour; 1 teaspoon cumin seeds; 1 teaspoon coriander powder; 1/2 teaspoon turmeric powder; 1/2 teaspoon garam masala; Salt and pepper, to taste; Fresh ginger slices, for garnish","For beef nihari: Heat oil in a pressure cooker and add cumin seeds. Once they crackle, add sliced onions and cook until golden brown. Add minced garlic, grated ginger, and chopped green chilies. Cook until fragrant. Add chopped tomatoes and cook until they soften. Add cubed beef and cook until it changes color. Stir in wheat flour, turmeric powder, coriander powder, garam masala, salt, and pepper. Add enough water to cover the meat. Close the pressure cooker and cook until beef is tender. Serve hot with naan or rice, garnished with fresh ginger slices.",
Chana Masala (Chickpea Curry),350,26,35,26,"1/2 cups cooked chickpeas; 1 onion, chopped; 2 tomatoes, chopped; 2 cloves garlic, minced; 1-inch piece ginger, grated; 2 green chilies, chopped; 1 teaspoon cumin seeds; 1 teaspoon coriander powder; 1/2 teaspoon turmeric powder; 1/2 teaspoon garam masala; Salt and pepper, to taste; Fresh coriander leaves, for garnish","For chana masala: Heat oil in a pan and add cumin seeds. Once they crackle, add chopped onions and cook until golden brown. Add minced garlic, grated ginger, and chopped green chilies. Cook until fragrant. Add chopped tomatoes and cook until they soften. Stir in turmeric powder, coriander powder, and salt. Add cooked chickpeas and garam masala. Simmer for 10 minutes. Serve hot with rice or roti, garnished with fresh coriander leaves.",
Keema Matar (Minced Meat and Peas Curry),600,30,40,30,"200g minced meat (beef or lamb); 1 cup green peas; 1 onion, chopped; 2 tomatoes, chopped; 2 cloves garlic, minced; 1-inch piece ginger, grated; 2 green chilies, chopped; 1 teaspoon cumin seeds; 1 teaspoon coriander powder; 1/2 teaspoon turmeric powder; Salt and pepper, to taste; Fresh cilantro, for garnish","For keema matar: Heat oil in a pan and add cumin seeds. Once they crackle, add chopped onions and cook until golden brown. Add minced garlic, grated ginger, and chopped green chilies. Cook until fragrant. Add chopped tomatoes and cook until they soften. Add minced meat and cook until it's no longer pink. Stir in turmeric powder, coriander powder, salt, and pepper. Add green peas and simmer until cooked through. Garnish with fresh cilantro before serving.",
Chapati Roll with Chicken and Salad,350,26,35,26,"1 cooked chapatis; 100g cooked chicken strips; Assorted salad vegetables (such as lettuce, cucumber, bell peppers), thinly sliced; 2 tablespoons yogurt; 1 tablespoon mayonnaise; 1 teaspoon lemon juice; Salt and pepper, to taste",For chapati roll: Lay a cooked chapati flat on a plate. Spread yogurt and mayonnaise over the chapati. Arrange cooked chicken strips and thinly sliced salad vegetables over the sauce. Drizzle lemon juice over the filling. Season with salt and pepper. Roll the chapati tightly into a wrap. Serve immediately.,
Vegetable Manchurian with Fried Rice,450,34,45,34,"1/2 cups cooked rice; Assorted vegetables (such as cabbage, carrots, bell peppers), finely chopped; 1 onion, finely chopped; 2 cloves garlic, minced; 1-inch piece ginger, grated; 2 green chilies, chopped; 2 tablespoons corn flour; 2 tablespoons soy sauce; 1 tablespoon tomato ketchup; 1 teaspoon chili sauce; Salt and pepper, to taste; Oil, for frying","For vegetable Manchurian: In a bowl, combine finely chopped vegetables, minced garlic, grated ginger, chopped green chilies, corn flour, soy sauce, tomato ketchup, chili sauce, salt, and pepper. Mix well to form a dough-like consistency. Shape the mixture into small balls. Heat oil in a deep frying pan over medium heat. Fry the vegetable balls until golden brown and crispy. Remove from oil and set aside on paper towels to drain excess oil. For fried rice: Heat oil in a separate pan and add chopped onions. sauteuntil translucent. Add cooked rice and stir-fry for a few minutes. Season with salt and pepper. Serve vegetable Manchurian with fried rice.",
Chicken Pulao,600,38,50,38,"1/4 cups basmati rice; 200g chicken, cut into pieces; 1 onion, thinly sliced; 2 tomatoes, chopped; 2 green chilies, slit lengthwise; 2 tablespoons ginger garlic paste; 1/2 cup yogurt; 1 teaspoon cumin seeds; 1 teaspoon coriander powder; 1/2 teaspoon turmeric powder; Salt and pepper, to taste; Fresh mint leaves, for garnish","For chicken pulao: Wash and soak basmati rice in water for 30 minutes. Drain and set aside. Heat oil in a pan and add cumin seeds. Once they crackle, add sliced onions and cook until golden brown. Add ginger garlic paste and cook until fragrant. Add chopped tomatoes and cook until they soften. Add chicken pieces and cook until they are no longer pink. Stir in turmeric powder, coriander powder, salt, and pepper. Add yogurt and green chilies. Cook until the oil separates. In a separate pot, boil water and add salt. Cook the soaked rice until it's 70% done. Drain the rice and add it to the chicken mixture. Cover and cook on low heat until the rice is fully cooked. Garnish with fresh mint leaves before serving.",
Spinach and Cheese Stuffed Chicken Breast,650,34,45,34,"2 chicken breast fillets; 2 cups spinach leaves, chopped; 1/2 cup grated cheese (such as cheddar or mozzarella); 2 cloves garlic, minced; 1 teaspoon dried oregano; Salt and pepper, to taste; Olive oil","For spinach and cheese stuffed chicken breast: Preheat oven to 375F (190C). Butterfly each chicken breast fillet by slicing horizontally through the middle, but not all the way through, to create a pocket. In a bowl, combine chopped spinach, grated cheese, minced garlic, dried oregano, salt, and pepper. Mix well. Stuff each chicken breast pocket with the spinach and cheese mixture. Secure the opening with toothpicks. Heat olive oil in an oven-safe skillet over medium-high heat. Sear the stuffed chicken breasts on both sides until golden brown. Transfer the skillet to the preheated oven and bake for 20-25 minutes, or until the chicken is cooked through and the cheese is melted. Remove toothpicks before serving.",
Dal Tadka (Tempered Lentils),350,26,35,26,"1/3 cup yellow lentils (moong dal); 1 onion, chopped; 2 tomatoes, chopped; 2 green chilies, chopped; 2 cloves garlic, minced; 1-inch piece ginger, grated; 1 teaspoon cumin seeds; 1/2 teaspoon mustard seeds; 1/2 teaspoon turmeric powder; Salt, to taste; Fresh cilantro, for garnish","For dal tadka: Wash yellow lentils and cook with water until soft. Heat oil in a pan and add cumin seeds and mustard seeds. Once they crackle, add chopped onions, minced garlic, grated ginger, and chopped green chilies. sauteuntil onions are translucent. Add chopped tomatoes and cook until they soften. Stir in turmeric powder and salt. Add cooked lentils and simmer for 5-10 minutes. Garnish with fresh cilantro before serving.",
Beef Biryani,550,41,55,41,"1/4 cups basmati rice; 100g0g beef, cut into small pieces; 2 onions, thinly sliced; 2 tomatoes, chopped; 2 green chilies, chopped; 2 tablespoons ginger garlic paste; 1/2 cup yogurt; 1/4 cup cooking oil; 1/4 cup ghee; 1 teaspoon cumin seeds; 1 teaspoon coriander powder; 1/2 teaspoon turmeric powder; 1 teaspoon red chili powder; 1 teaspoon garam masala powder; 1/2 cup chopped mint leaves; 1/2 cup chopped coriander leaves; Salt, to taste","For beef biryani: Wash and soak basmati rice in water for 30 minutes. Drain and set aside. Heat oil and ghee in a pan and add cumin seeds. Once they crackle, add sliced onions and fry until golden brown. Add ginger garlic paste and sauteuntil fragrant. Add chopped tomatoes and cook until they soften. Add beef pieces and cook until they are browned. Stir in turmeric powder, coriander powder, red chili powder, garam masala powder, salt, and yogurt. Cook until the oil separates. In a separate pot, boil water and add salt. Cook the soaked rice until it's 70% done. Drain the rice and add it to the beef mixture. Layer with chopped mint leaves and coriander leaves. Cover and cook on low heat until the rice is fully cooked. Serve hot with raita or salad.",
Chicken Hariyali Tikka,500,30,40,30,"200g boneless chicken, cut into cubes; 1 cup fresh cilantro leaves; 1/2 cup fresh mint leaves; 2 tablespoons yogurt; 1 tablespoon ginger garlic paste; 2 green chilies; 1 teaspoon cumin powder; 1 teaspoon coriander powder; 1/2 teaspoon turmeric powder; 1/2 teaspoon garam masala; Salt and pepper, to taste; Lemon wedges, for serving","For chicken hariyali tikka: In a blender, combine fresh cilantro leaves, fresh mint leaves, yogurt, ginger garlic paste, green chilies, cumin powder, coriander powder, turmeric powder, garam masala, salt, and pepper. Blend into a smooth paste. Marinate chicken cubes in the green marinade for at least 1 hour. Thread marinated chicken onto skewers. Grill or bake until cooked through, turning occasionally. Serve hot with lemon wedges.",
Paneer Butter Masala,450,34,45,34,"20g paneer, cubed; 2 onions, chopped; 2 tomatoes, chopped; 2 cloves garlic, minced; 1-inch piece ginger, grated; 2 green chilies, chopped; 1/2 cup cashew nuts, soaked in water; 1/4 cup cream; 1 teaspoon cumin seeds; 1 teaspoon coriander powder; 1/2 teaspoon turmeric powder; 1/2 teaspoon garam masala; Salt and pepper, to taste; Fresh cilantro leaves, for garnish","For paneer butter masala: Heat oil in a pan and add cumin seeds. Once they crackle, add chopped onions and cook until golden brown. Add minced garlic, grated ginger, and chopped green chilies. Cook until fragrant. Add chopped tomatoes and cook until they soften. Transfer the mixture to a blender, add soaked cashew nuts, and blend into a smooth paste. Return the paste to the pan. Stir in turmeric powder, coriander powder, garam masala, salt, and pepper. Add cubed paneer and cream. Simmer for 5-10 minutes. Garnish with fresh cilantro leaves before serving.",
Mutton Korma,500,38,50,38,"200g mutton, cubed; 2 onions, thinly sliced; 2 tomatoes, chopped; 2 cloves garlic, minced; 1-inch piece ginger, grated; 2 green chilies, chopped; 1/2 cup yogurt; 1/4 cup cashew nuts, soaked in water; 1/4 cup cooking oil; 1/4 cup ghee; 1 teaspoon cumin seeds; 1 teaspoon coriander powder; 1/2 teaspoon turmeric powder; 1 teaspoon red chili powder; 1/2 teaspoon garam masala; Salt and pepper, to taste; Fresh cilantro leaves, for garnish","For mutton korma: Heat oil and ghee in a pressure cooker and add cumin seeds. Once they crackle, add sliced onions and fry until golden brown. Add minced garlic, grated ginger, and chopped green chilies. Cook until fragrant. Add chopped tomatoes and cook until they soften. Transfer the mixture to a blender, add soaked cashew nuts, and blend into a smooth paste. Return the paste to the pressure cooker. Stir in turmeric powder, coriander powder, red chili powder, garam masala, salt, and pepper. Add cubed mutton and yogurt. Close the pressure cooker and cook until mutton is tender. Garnish with fresh cilantro leaves before serving.",
Achari Chicken,400,30,40,30,"200g chicken, cut into pieces; 1 onion, thinly sliced; 2 tomatoes, chopped; 2 tablespoons pickling spice mix (achaar masala); 1 teaspoon ginger paste; 1 teaspoon garlic paste; 2 tablespoons oil; Salt, to taste","For achari chicken: Heat oil in a pan and add sliced onions. Fry until golden brown. Add ginger paste and garlic paste, sauteuntil fragrant. Add chopped tomatoes and cook until softened. Stir in pickling spice mix and salt. Add chicken pieces and cook until tender and fully cooked. Serve hot with naan or rice.",
Matar Paneer (Peas and Cottage Cheese Curry),350,26,35,26,"50g paneer, cubed; 1 cup green peas; 1 onion, chopped; 2 tomatoes, chopped; 2 cloves garlic, minced; 1-inch piece ginger, grated; 2 green chilies, chopped; 1 teaspoon cumin seeds; 1 teaspoon coriander powder; 1/2 teaspoon turmeric powder; Salt and pepper, to taste; Fresh cilantro leaves, for garnish","For matar paneer: Heat oil in a pan and add cumin seeds. Once they crackle, add chopped onions and cook until golden brown. Add minced garlic, grated ginger, and chopped green chilies. Cook until fragrant. Add chopped tomatoes and cook until they soften. Stir in turmeric powder, coriander powder, salt, and pepper. Add green peas and cubed paneer. Simmer for 10 minutes. Garnish with fresh cilantro leaves before serving.",
Chicken Karahi,450,34,45,34,"200g chicken, cut into pieces; 2 tomatoes, chopped; 2 onions, thinly sliced; 2 green chilies, chopped; 1 teaspoon ginger paste; 1 teaspoon garlic paste; 1/2 cup yogurt; 2 tablespoons oil; 1 teaspoon cumin seeds; 1 teaspoon coriander powder; 1/2 teaspoon turmeric powder; Salt and pepper, to taste; Fresh cilantro leaves, for garnish","For chicken karahi: Heat oil in a karahi or deep frying pan. Add cumin seeds and let them crackle. Add sliced onions and fry until golden brown. Add ginger paste and garlic paste, sauteuntil fragrant. Add chopped tomatoes and cook until softened. Add chicken pieces and cook until they are no longer pink. Stir in turmeric powder, coriander powder, salt, and pepper. Add yogurt and chopped green chilies. Cook until the oil separates and the chicken is cooked through. Garnish with fresh cilantro leaves before serving.",
Aloo Gosht (Potato and Meat Curry),600,38,50,38,"150g0g mutton or beef, cubed; 3 potatoes, peeled and cubed; 2 onions, chopped; 2 tomatoes, chopped; 2 cloves garlic, minced; 1-inch piece ginger, grated; 2 green chilies, chopped; 1 teaspoon cumin seeds; 1 teaspoon coriander powder; 1/2 teaspoon turmeric powder; Salt and pepper, to taste; Fresh cilantro leaves, for garnish","For aloo gosht: Heat oil in a pressure cooker and add cumin seeds. Once they crackle, add chopped onions and cook until golden brown. Add minced garlic, grated ginger, and chopped green chilies. Cook until fragrant. Add chopped tomatoes and cook until they soften. Add cubed meat and cook until it changes color. Stir in turmeric powder, coriander powder, salt, and pepper. Add cubed potatoes and enough water to cover the meat and potatoes. Close the pressure cooker and cook until meat is tender. Garnish with fresh cilantro leaves before serving.",
Chapli Kebab,700,30,40,30,"200g minced meat (beef or lamb); 1 onion, finely chopped; 2 tomatoes, finely chopped; 2 green chilies, finely chopped; 1/4 cup fresh cilantro, chopped; 1/4 cup fresh mint leaves, chopped; 1 tablespoon ginger paste; 1 tablespoon garlic paste; 1 teaspoon coriander powder; 1 teaspoon cumin powder; 1/2 teaspoon chili flakes; 1/2 teaspoon garam masala; Salt and pepper, to taste; Oil, for frying","For chapli kebab: In a mixing bowl, combine minced meat, chopped onion, chopped tomatoes, chopped green chilies, chopped cilantro, chopped mint leaves, ginger paste, garlic paste, coriander powder, cumin powder, chili flakes, garam masala, salt, and pepper. Mix well to combine. Take a portion of the mixture and shape it into a flat round patty. Heat oil in a frying pan over medium heat. Fry the kebabs until they are browned and cooked through. Serve hot with naan or roti.",
Chicken Jalfrezi,600,30,40,30,"200g chicken, cut into pieces; 1 onion, thinly sliced; 2 tomatoes, chopped; 1 bell pepper, thinly sliced; 2 green chilies, chopped; 1 teaspoon ginger paste; 1 teaspoon garlic paste; 1/2 cup tomato puree; 2 tablespoons oil; 1 teaspoon cumin seeds; 1 teaspoon coriander powder; 1/2 teaspoon turmeric powder; 1/2 teaspoon red chili powder; Salt and pepper, to taste; Fresh cilantro leaves, for garnish","For chicken jalfrezi: Heat oil in a pan and add cumin seeds. Once they crackle, add sliced onions and fry until golden brown. Add ginger paste and garlic paste, sauteuntil fragrant. Add chopped tomatoes and cook until softened. Add chicken pieces and cook until they are no longer pink. Stir in turmeric powder, coriander powder, red chili powder, salt, and pepper. Add tomato puree, chopped bell pepper, and chopped green chilies. Cook until the chicken is cooked through and the sauce thickens. Garnish with fresh cilantro leaves before serving.",
Kofta Curry (Meatball Curry),450,34,45,34,"200g minced meat (beef or lamb); 1 onion, grated; 2 tablespoons gram flour (besan); 2 tablespoons yogurt; 1 teaspoon ginger paste; 1 teaspoon garlic paste; 1/2 teaspoon cumin powder; 1/2 teaspoon coriander powder; 1/2 teaspoon garam masala; Salt and pepper, to taste; Oil, for frying","For kofta curry: In a mixing bowl, combine minced meat, grated onion, gram flour, yogurt, ginger paste, garlic paste, cumin powder, coriander powder, garam masala, salt, and pepper. Mix well to form a smooth mixture. Shape the mixture into small meatballs. Heat oil in a frying pan over medium heat. Fry the meatballs until they are browned and cooked through. Set aside. For the curry sauce, follow the instructions for chicken karahi (recipe #23) until step 5. Once the chicken is cooked, add the fried meatballs to the sauce. Simmer for a few minutes before serving.",
Chicken Handi,450,34,45,34,"200g chicken, cut into pieces; 2 onions, thinly sliced; 2 tomatoes, chopped; 2 green chilies, chopped; 1 teaspoon ginger paste; 1 teaspoon garlic paste; 1/2 cup yogurt; 2 tablespoons oil; 1 teaspoon cumin seeds; 1 teaspoon coriander powder; 1/2 teaspoon turmeric powder; 1/2 teaspoon red chili powder; Salt and pepper, to taste; Fresh cilantro leaves, for garnish","For chicken handi: Heat oil in a handi or deep frying pan. Add cumin seeds and let them crackle. Add sliced onions and fry until golden brown. Add ginger paste and garlic paste, sauteuntil fragrant. Add chopped tomatoes and cook until softened. Add chicken pieces and cook until they are no longer pink. Stir in turmeric powder, coriander powder, red chili powder, salt, and pepper. Add yogurt and chopped green chilies. Cook until the oil separates and the chicken is cooked through. Garnish with fresh cilantro leaves before serving.",
Shami Kebab,350,26,35,26,"250g minced beef; 1/2 cup split chickpeas (chana dal), soaked; 1 onion, chopped; 2 green chilies, chopped; 1-inch piece ginger, grated; 2 cloves garlic, minced; 1/2 teaspoon cumin seeds; 1/2 teaspoon coriander powder; 1/2 teaspoon garam masala; 1 egg; Salt, to taste; Oil, for frying","For shami kebab: In a pressure cooker, combine minced beef, soaked split chickpeas, chopped onion, chopped green chilies, grated ginger, minced garlic, cumin seeds, coriander powder, garam masala, and salt. Add enough water to cover the ingredients. Close the pressure cooker and cook until the beef and chickpeas are tender. Once cooked, drain any excess liquid and let the mixture cool. Transfer the mixture to a blender and blend until smooth. Shape the mixture into flat round patties. Beat an egg in a bowl. Dip each kebab in beaten egg. Heat oil in a frying pan over medium heat. Fry the kebabs until they are golden brown on both sides. Serve hot with mint chutney or yogurt dip.",
Palak Paneer (Spinach and Cottage Cheese Curry),400,30,40,30,"70g paneer, cubed; 2 cups spinach leaves, chopped; 1 onion, chopped; 2 tomatoes, chopped; 2 cloves garlic, minced; 1-inch piece ginger, grated; 2 green chilies, chopped; 1 teaspoon cumin seeds; 1 teaspoon coriander powder; 1/2 teaspoon turmeric powder; Salt and pepper, to taste; Fresh cilantro leaves, for garnish","For palak paneer: Blanch chopped spinach leaves in boiling water for 2 minutes. Drain and rinse with cold water. Blend blanched spinach into a smooth puree. Heat oil in a pan and add cumin seeds. Once they crackle, add chopped onions and cook until golden brown. Add minced garlic, grated ginger, and chopped green chilies. Cook until fragrant. Add chopped tomatoes and cook until they soften. Stir in turmeric powder, coriander powder, salt, and pepper. Add spinach puree and cubed paneer. Simmer for 10 minutes. Garnish with fresh cilantro leaves before serving.",
Mutton Pulao,550,41,55,41,"1/2 cups basmati rice; 200g mutton, cut into pieces; 2 onions, thinly sliced; 2 tomatoes, chopped; 2 green chilies, slit lengthwise; 2 tablespoons ginger garlic paste; 1/2 cup yogurt; 1/4 cup cooking oil; 1/4 cup ghee; 1 teaspoon cumin seeds; 1 teaspoon coriander powder; 1/2 teaspoon turmeric powder; 1 teaspoon red chili powder; 1 teaspoon garam masala powder; Salt, to taste; Fresh mint leaves, for garnish","For mutton pulao: Wash and soak basmati rice in water for 30 minutes. Drain and set aside. Heat oil and ghee in a pan and add cumin seeds. Once they crackle, add sliced onions and fry until golden brown. Add ginger garlic paste and sauteuntil fragrant. Add chopped tomatoes and cook until they soften. Add mutton pieces and cook until they change color. Stir in turmeric powder, coriander powder, red chili powder, garam masala powder, salt, and yogurt. Cook until the oil separates. In a separate pot, boil water and add salt. Cook the soaked rice until it's 70% done. Drain the rice and add it to the mutton mixture. Add slit green chilies. Cover and cook on low heat until the rice is fully cooked. Garnish with fresh mint leaves before serving.",
Chana Masala (Chickpea Curry),350,26,35,26,"1/2 cups chickpeas, cooked; 1 onion, chopped; 2 tomatoes, chopped; 2 cloves garlic, minced; 1-inch piece ginger, grated; 2 green chilies, chopped; 1 teaspoon cumin seeds; 1 teaspoon coriander powder; 1/2 teaspoon turmeric powder; 1/2 teaspoon red chili powder; 1/2 teaspoon garam masala; Salt and pepper, to taste; Fresh cilantro leaves, for garnish","For chana masala: Heat oil in a pan and add cumin seeds. Once they crackle, add chopped onions and cook until golden brown. Add minced garlic, grated ginger, and chopped green chilies. Cook until fragrant. Add chopped tomatoes and cook until they soften. Stir in turmeric powder, coriander powder, red chili powder, garam masala, salt, and pepper. Add cooked chickpeas and enough water to achieve the desired consistency. Simmer for 10-15 minutes. Garnish with fresh cilantro leaves before serving.",
Lamb Rogan Josh,950,38,50,38,"250g lamb, cubed; 2 onions, thinly sliced; 2 tomatoes, chopped; 2 green chilies, chopped; 1 teaspoon ginger paste; 1 teaspoon garlic paste; 1/2 cup yogurt; 1/4 cup cooking oil; 1/4 cup ghee; 1 teaspoon cumin seeds; 1 teaspoon coriander powder; 1/2 teaspoon turmeric powder; 1 teaspoon red chili powder; 1 teaspoon garam masala powder; Salt, to taste; Fresh cilantro leaves, for garnish","For lamb rogan josh: Heat oil and ghee in a pressure cooker and add cumin seeds. Once they crackle, add sliced onions and fry until golden brown. Add ginger paste and garlic paste, sauteuntil fragrant. Add chopped tomatoes and cook until they soften. Add cubed lamb and cook until it changes color. Stir in turmeric powder, coriander powder, red chili powder, garam masala powder, salt, and yogurt. Close the pressure cooker and cook until lamb is tender. Garnish with fresh cilantro leaves before serving.",
Karri Pakora (Yogurt Curry with Fritters),350,26,35,26,"1/2 cups yogurt; 2 tablespoons gram flour (besan); 1 onion, chopped; 2 green chilies, chopped; 1 teaspoon ginger paste; 1 teaspoon garlic paste; 1/2 teaspoon cumin seeds; 1/2 teaspoon mustard seeds; 1/2 teaspoon fenugreek seeds; 1/2 teaspoon turmeric powder; Salt and pepper, to taste; Fresh cilantro leaves, for garnish","For kadhi pakora: In a bowl, whisk together yogurt, gram flour, turmeric powder, salt, and pepper. Heat oil in a pan and add cumin seeds, mustard seeds, and fenugreek seeds. Once they splutter, add chopped onions, chopped green chilies, ginger paste, and garlic paste. Cook until onions are translucent. Pour the yogurt mixture into the pan and bring to a gentle simmer. Meanwhile, prepare pakoras by deep-frying small portions of gram flour batter until golden brown and crispy. Add the pakoras to the simmering yogurt mixture. Cook for 10-15 minutes until the flavors meld together. Garnish with fresh cilantro leaves before serving.",
Vegetable Biryani,450,34,45,34,"1/2 cups basmati rice; Assorted vegetables (carrots, peas, beans, cauliflower), chopped; 2 onions, thinly sliced; 2 tomatoes, chopped; 2 green chilies, slit lengthwise; 2 tablespoons ginger garlic paste; 1/2 cup yogurt; 1/4 cup cooking oil; 1/4 cup ghee; 1 teaspoon cumin seeds; 1 teaspoon coriander powder; 1/2 teaspoon turmeric powder; 1 teaspoon red chili powder; 1 teaspoon garam masala powder; Salt, to taste; Fresh cilantro leaves, for garnish","For vegetable biryani: Wash and soak basmati rice in water for 30 minutes. Drain and set aside. Heat oil and ghee in a pan and add cumin seeds. Once they crackle, add sliced onions and fry until golden brown. Add ginger garlic paste and sauteuntil fragrant. Add chopped tomatoes and cook until they soften. Add assorted vegetables and cook until slightly tender. Stir in turmeric powder, coriander powder, red chili powder, garam masala powder, salt, and yogurt. Cook until the oil separates. In a separate pot, boil water and add salt. Cook the soaked rice until it's 70% done. Drain the rice and add it to the vegetable mixture. Add slit green chilies. Cover and cook on low heat until the rice is fully cooked. Garnish with fresh cilantro leaves before serving.",
Chapli Burger,500,38,50,38,"For chapli burger: Prepare chapli kebab mixture as described in recipe #25. Shape the mixture into burger patties and grill or pan-fry until cooked through. Serve the chapli kebab patties in burger buns with lettuce, tomato slices, onions, and your favorite condiments.",,
Karahi Gosht (Stir-Fried Lamb),550,41,55,41,"200g lamb, cut into pieces; 2 onions, thinly sliced; 2 tomatoes, chopped; 2 green chilies, chopped; 1 teaspoon ginger paste; 1 teaspoon garlic paste; 1/2 cup yogurt; 2 tablespoons oil; 1 teaspoon cumin seeds; 1 teaspoon coriander powder; 1/2 teaspoon turmeric powder; 1/2 teaspoon red chili powder; Salt and pepper, to taste; Fresh cilantro leaves, for garnish","For karahi gosht: Heat oil in a karahi or deep frying pan. Add cumin seeds and let them crackle. Add sliced onions and fry until golden brown. Add ginger paste and garlic paste, sauteuntil fragrant. Add chopped tomatoes and cook until softened. Add lamb pieces and cook until they are no longer pink. Stir in turmeric powder, coriander powder, red chili powder, salt, and pepper. Add yogurt and chopped green chilies. Cook until the oil separates and the lamb is cooked through. Garnish with fresh cilantro leaves before serving.",
Keema Naan,400,30,40,30,"For keema naan: Prepare 100g keema mixture by cooking minced meat with onions, tomatoes, ginger garlic paste, and spices until fully cooked. Divide the keema mixture into portions. Roll out naan dough into circles and place a portion of keema mixture in the center. Seal the edges and roll out the naan again. Cook the stuffed naan on a hot griddle or tawa until golden brown and cooked through.",,
Fish Curry,600,30,40,30,"100g fish fillets (any firm-fleshed fish); 2 onions, thinly sliced; 2 tomatoes, chopped; 2 green chilies, chopped; 1 teaspoon ginger paste; 1 teaspoon garlic paste; 1/2 cup coconut milk; 2 tablespoons oil; 1 teaspoon mustard seeds; 1 teaspoon cumin seeds; 1 teaspoon coriander powder; 1/2 teaspoon turmeric powder; 1/2 teaspoon red chili powder; Salt and pepper, to taste; Fresh cilantro leaves, for garnish","For fish curry: Heat oil in a pan and add mustard seeds and cumin seeds. Once they splutter, add sliced onions and fry until golden brown. Add ginger paste and garlic paste, sauteuntil fragrant. Add chopped tomatoes and cook until softened. Stir in turmeric powder, coriander powder, red chili powder, salt, and pepper. Add coconut milk and chopped green chilies. Simmer for a few minutes. Add fish fillets and cook until they are cooked through. Garnish with fresh cilantro leaves before serving.",
Vegetable Pakora,300,23,30,23,"1 cup chickpea flour (besan); Assorted vegetables (potatoes, onions, cauliflower, spinach), thinly sliced; 1 onion, thinly sliced; 2 green chilies, chopped; 1 teaspoon cumin seeds; 1/2 teaspoon turmeric powder; 1/2 teaspoon red chili powder; Salt, to taste; Oil, for frying","For vegetable pakora: In a bowl, combine chickpea flour, cumin seeds, turmeric powder, red chili powder, and salt. Add water gradually to make a thick batter. Heat oil in a deep frying pan. Dip assorted vegetable slices in the batter and deep fry until golden brown and crispy. Serve hot with mint chutney or tamarind sauce.",
Chicken Malai Boti,450,34,45,34,"500g boneless chicken, cut into cubes; 1/2 cup yogurt; 1/4 cup cream; 2 tablespoons ginger garlic paste; 1 teaspoon white pepper powder; 1 teaspoon garam masala powder; 1/2 teaspoon nutmeg powder; Salt, to taste; 2 tablespoons oil; Skewers","For chicken malai boti: In a mixing bowl, combine yogurt, cream, ginger garlic paste, white pepper powder, garam masala powder, nutmeg powder, and salt. Add chicken cubes to the marinade and mix well. Cover and refrigerate for at least 2 hours. Thread the marinated chicken onto skewers. Heat oil on a grill or grill pan over medium heat. Grill the skewers, turning occasionally, until the chicken is cooked through and has charred grill marks. Serve hot with mint chutney and naan.",
Aloo Bharta (Mashed Potatoes),300,23,30,23,"1.5 large potatoes, boiled and peeled; 2 onions, finely chopped; 2 green chilies, chopped; 1/4 cup cilantro leaves, chopped; 1 teaspoon cumin seeds; 1/2 teaspoon turmeric powder; 1/2 teaspoon red chili powder; Salt, to taste; 2 tablespoons oil","For aloo bharta: In a pan, heat oil and add cumin seeds. Once they crackle, add chopped onions and green chilies. sauteuntil onions are translucent. Add turmeric powder, red chili powder, and salt. Cook for a minute. Add boiled potatoes and mash them well with a potato masher or fork. Mix everything together and cook for a few minutes. Garnish with chopped cilantro leaves before serving.",
Chicken Reshmi Kebab,600,30,40,30,"300g boneless chicken, cut into cubes; 1/4 cup cream; 2 tablespoons yogurt; 2 tablespoons cashew nut paste; 1 tablespoon ginger garlic paste; 1 teaspoon white pepper powder; 1/2 teaspoon garam masala powder; Salt, to taste; 2 tablespoons oil; Skewers","For chicken reshmi kebab: In a mixing bowl, combine cream, yogurt, cashew nut paste, ginger garlic paste, white pepper powder, garam masala powder, and salt. Add chicken cubes to the marinade and mix well. Cover and refrigerate for at least 2 hours. Thread the marinated chicken onto skewers. Heat oil on a grill or grill pan over medium heat. Grill the skewers, turning occasionally, until the chicken is cooked through and has a golden exterior. Serve hot with mint chutney and naan.",
Prawn Masala,550,34,45,34,"100g prawns, peeled and deveined; 2 onions, thinly sliced; 2 tomatoes, chopped; 2 green chilies, chopped; 1 teaspoon ginger paste; 1 teaspoon garlic paste; 1/2 cup coconut milk; 2 tablespoons oil; 1 teaspoon mustard seeds; 1 teaspoon cumin seeds; 1 teaspoon coriander powder; 1/2 teaspoon turmeric powder; 1/2 teaspoon red chili powder; Salt and pepper, to taste; Fresh cilantro leaves, for garnish","For prawn masala: Heat oil in a pan and add mustard seeds and cumin seeds. Once they splutter, add sliced onions and fry until golden brown. Add ginger paste and garlic paste, sauteuntil fragrant. Add chopped tomatoes and cook until softened. Stir in turmeric powder, coriander powder, red chili powder, salt, and pepper. Add coconut milk and chopped green chilies. Simmer for a few minutes. Add prawns and cook until they turn pink and opaque. Garnish with fresh cilantro leaves before serving.",
Torii Gosht,300,23,30,23,500g boneless mutton pieces; 2 onions finely chopped; 2 tomatoes chopped; 3 cloves garlic minced; 1-inch ginger minced; 2 green chilies chopped; 1 teaspoon cumin seeds; 1 teaspoon coriander powder; 1/2 teaspoon turmeric powder; 1/2 teaspoon red chili powder; 1/2 teaspoon garam masala powder; Salt to taste; 2 tablespoons vegetable oil; Fresh coriander leaves for garnish,For torii gosht: Heat vegetable oil in a pressure cooker or heavy-bottomed pot over medium heat. Add cumin seeds and let them splutter. Add chopped onions and sauteuntil golden brown. Stir in minced garlic minced ginger and chopped green chilies. Cook until fragrant. Add chopped tomatoes and cook until they turn mushy. Now add boneless mutton pieces and sauteuntil they are browned on all sides. Sprinkle coriander powder turmeric powder red chili powder and salt. Mix well. Add enough water to cover the mutton pieces. Close the lid and pressure cook until the mutton is tender about 20-25 minutes. Once done sprinkle garam masala powder and garnish with fresh coriander leaves. Serve hot withriceorroti.,
Achari Gosht,800,60,80,60,"300g mutton, cut into pieces; 2 onions, thinly sliced; 2 tomatoes, chopped; 2 green chilies, chopped; 1/4 cup yogurt; 1/4 cup cooking oil; 2 teaspoons ginger garlic paste; 1 teaspoon fenugreek seeds; 1 teaspoon fennel seeds; 1 teaspoon mustard seeds; 1 teaspoon red chili powder; 1 teaspoon turmeric powder; 1 teaspoon garam masala; Salt, to taste; Fresh coriander leaves, chopped","For achari gosht: Heat oil in a pressure cooker and add fenugreek seeds, fennel seeds, and mustard seeds. sauteuntil fragrant. Add thinly sliced onions and sauteuntil golden brown. Add ginger garlic paste and cook until fragrant. Add chopped tomatoes and green chilies. Cook until tomatoes are soft. Add mutton pieces and cook until they are browned. Add yogurt, red chili powder, turmeric powder, garam masala, and salt. Cook for a few minutes. Add water and pressure cook until the mutton is tender. Garnish with chopped coriander leaves. Serve hot with naan or rice.",
Kali Dal and Chawal,550,38,50,38,1/2 cups basmati rice; 500g black lentils (Kali Dal); 2 onions thinly sliced; 2 tomatoes chopped; 2 green chilies slit lengthwise; 2 tablespoons ginger garlic paste; 1/2 cup yogurt; 1/4 cup cooking oil; 1/4 cup ghee; 1 teaspoon cumin seeds; 1 teaspoon coriander powder; 1/2 teaspoon turmeric powder; 1 teaspoon red chili powder; 1 teaspoon garam masala powder; Salt to taste; Fresh cilantro leaves for garnish,For Kali Dal and Chawal: Wash and soak basmati rice in water for 30 minutes. Drain and set aside. Rinse the black lentils (Kali Dal) and soak them for a few hours or overnight. Drain and set aside. Heat oil and ghee in a pan and add cumin seeds. Once they crackle add sliced onions and fry until golden brown. Add ginger garlic paste and sauteuntil fragrant. Add chopped tomatoes and cook until they soften. Add the soaked black lentils (Kali Dal) and cook until tender. Stir in turmeric powder, coriander powder red chili powder garam masala powder salt and yogurt. Cook until the flavors are well combined. In a separate pot boil water and add salt. Cook the soaked rice until it's 70% done. Drain the rice and add it to the Kali Dal mixture. Add slit green chilies. Cover and cook on low heat until the rice is fully cooked. Garnish with fresh cilantro leaves beforeserving.
Tamatar Ghosht (Tomato Meat Curry),550,40,15,35,100g lamb/goat meat cubed; 2 tomatoes chopped; 1 onion finely chopped; 2 cloves garlic minced; 1-inch piece ginger grated; 2 green chilies slit; 1 teaspoon cumin seeds; 1 teaspoon coriander powder; 1/2 teaspoon turmeric powder; 1/2 teaspoon red chili powder; Salt  to taste; 2 tablespoons oil; Fresh cilantro for garnish,1. Heat oil in a pressure cooker or heavy-bottomed pan. 2. Add cumin seeds and let them splutter. 3. Add chopped onions minced garlic grated ginger and slit green chilies. Saute until onions turn golden brown. 4. Add cubed meat and brown it well on all sides. 5. Add chopped tomatoes and cook until they break down and release juices. 6. Stir in coriander powder turmeric powder red chili powder and salt. Mix well. 7. Add a cup of water cover the pressure cooker and cook until meat is tender (about 20-25 minutes on medium heat). If using a pan cover and simmer until meat is cooked through stirring occasionally and adding more water if needed. 8. Once meat is tender uncover and cook until the gravy thickens to your desired consistency. 9. Garnish with fresh cilantro before serving. 10. Serve hot with rice or naan.,
Vegetable Pulao,350,26,35,26,"1 cup basmati rice; Assorted vegetables (such as carrots, peas, beans), diced; 1 onion, sliced; 2 tomatoes, chopped; 2 cloves garlic, minced; 1-inch piece ginger, grated; 2 green chilies, chopped; 1 teaspoon cumin seeds; 1 teaspoon garam masala; 1/2 teaspoon turmeric powder; Salt, to taste; Fresh mint leaves, for garnish","For vegetable pulao: Wash and soak basmati rice for 30 minutes. Heat oil in a pot and add cumin seeds. Once they crackle, add sliced onions and cook until golden brown. Add minced garlic, grated ginger, and chopped green chilies. Cook until fragrant. Add diced tomatoes and cook until they soften. Add assorted vegetables and cook for a few minutes. Stir in garam masala, turmeric powder, and salt. Drain the soaked rice and add it to the pot. Add enough water to cook the rice. Cover and cook until the rice is done. Garnish with fresh mint leaves before serving.",
Shaljham Ghosht,550,25,35,30,500g Mutton 400g Turnips 200g Onions 150g Tomatoes 100g Yogurt Spices;,1. Heat oil in a pan and saute onions until golden. 2. Add mutton and cook until browned. 3. Add chopped turnips tomatoes and yogurt. 4. Sprinkle spices and cook until meat is tender. 5. Serve hot with rice or bread.,
